id,encouraged,enrolled,spending
1,1,0,51.41
2,0,0,81.9
3,0,1,29.05
4,0,1,55.42
5,0,1,25.51
6,0,1,39.01
7,0,1,29.94
8,0,1,14.26
9,1,0,48.33
10,1,1,29.51
11,0,1,28.49
12,1,1,37.29
13,1,1,35.55
14,1,0,34.67
15,0,0,74.29
16,1,1,46.88
17,0,0,59.8
18,0,1,41.67
19,0,0,42.81
20,1,0,41.14
21,0,0,58.41
22,0,0,56.79
23,0,1,30.96
24,0,0,27.56
25,0,0,63.56
26,0,0,35.31
27,1,1,40.55
28,1,1,43.06
29,1,1,45.87
30,1,1,47.88
31,0,0,69.29
32,0,0,60.04
33,1,0,46.35
34,0,0,29.77
35,0,0,34.76
36,1,1,36.18
37,0,0,64.7
38,1,0,36.76
39,1,1,7.98
40,1,1,31.37
41,1,0,49.12
42,1,0,32.95
43,1,1,23.24
44,1,1,35.3
45,1,1,38.08
46,1,1,34.34
47,1,1,55.84
48,0,0,47.68
49,1,0,64.89
50,0,1,30.49
51,1,0,44.58
52,1,1,29.41
53,1,1,28.1
54,0,0,68.19
55,1,1,15.95
56,1,0,49.02
57,1,0,56.95
58,1,0,50.61
59,1,1,20.11
60,0,1,35.78
61,1,0,33.27
62,0,1,50.05
63,0,0,29.24
64,1,0,29.91
65,0,0,63.74
66,0,1,11.8
67,0,0,37.1
68,1,1,29.47
69,0,1,42.02
70,0,0,50.99
71,1,0,34.92
72,0,0,54.53
73,0,0,61.24
74,0,0,64.87
75,1,1,40.95
76,1,1,61.33
77,0,0,58.49
78,0,0,53.19
79,0,0,39.18
80,0,0,51.7
81,0,0,73.96
82,0,0,67.98
83,1,1,45.54
84,1,0,62.15
85,1,0,70.36
86,0,0,44.33
87,0,1,44.22
88,0,0,48.1
89,0,1,24.72
90,0,1,40.0
91,1,1,42.97
92,1,1,49.49
93,0,0,61.19
94,1,1,31.94
95,0,1,38.99
96,0,1,27.57
97,1,0,52.36
98,0,1,28.76
99,0,0,36.39
100,0,1,44.23
101,1,1,22.61
102,0,0,52.08
103,0,0,65.21
104,0,1,42.56
105,1,1,27.68
106,0,0,32.18
107,0,0,69.78
108,1,1,32.43
109,0,0,40.44
110,0,1,52.09
111,1,1,32.93
112,1,0,53.74
113,1,1,27.72
114,1,1,47.15
115,0,0,72.38
116,1,1,61.0
117,0,1,27.65
118,1,1,34.99
119,0,0,64.83
120,1,0,37.26
121,1,1,30.83
122,0,1,9.98
123,0,0,38.47
124,1,1,34.97
125,1,0,58.66
126,0,0,25.35
127,1,0,39.16
128,0,1,34.29
129,1,0,55.0
130,1,1,29.85
131,0,0,54.94
132,1,1,36.28
133,0,0,45.09
134,1,1,26.56
135,1,0,73.69
136,0,0,44.43
137,1,1,52.13
138,0,1,39.0
139,0,0,77.99
140,1,0,75.61
141,1,1,33.64
142,1,1,35.72
143,0,0,24.47
144,1,1,39.72
145,1,0,64.85
146,1,1,34.03
147,1,0,38.39
148,1,0,63.11
149,1,1,32.79
150,1,0,40.31
151,1,1,43.64
152,1,1,56.1
153,0,0,70.88
154,1,0,33.01
155,0,0,39.66
156,1,1,26.93
157,1,1,67.97
158,0,0,46.26
159,0,1,44.88
160,1,1,28.04
161,0,0,61.26
162,0,0,45.96
163,1,0,57.13
164,0,0,45.68
165,1,0,61.62
166,0,0,48.89
167,0,0,55.36
168,0,0,57.89
169,0,0,64.49
170,1,1,51.41
171,0,0,65.58
172,1,1,37.26
173,0,0,42.31
174,0,1,29.43
175,1,1,50.43
176,0,0,38.91
177,1,0,39.44
178,1,0,53.02
179,0,1,49.7
180,0,0,57.83
181,0,0,56.93
182,0,0,53.11
183,1,1,31.13
184,1,0,44.16
185,1,0,50.18
186,1,1,54.6
187,1,0,69.05
188,0,0,58.19
189,1,1,43.71
190,1,1,35.16
191,1,1,28.08
192,1,1,15.81
193,1,0,62.12
194,1,1,22.4
195,0,1,36.07
196,1,1,42.87
197,1,1,30.8
198,1,0,43.98
199,1,0,64.03
200,0,1,29.06
201,1,1,42.6
202,0,1,36.11
203,1,1,27.13
204,1,1,47.05
205,0,1,37.14
206,1,1,35.45
207,0,1,56.96
208,0,1,36.8
209,0,1,21.1
210,1,0,61.7
211,1,0,61.12
212,1,1,40.47
213,1,1,46.06
214,1,1,8.43
215,1,1,25.95
216,0,0,59.66
217,1,1,50.11
218,0,1,37.25
219,0,0,57.54
220,1,1,45.0
221,0,0,43.63
222,1,0,56.52
223,1,1,34.24
224,0,0,37.71
225,1,0,52.8
226,1,1,28.27
227,1,1,41.2
228,0,0,48.49
229,0,1,35.63
230,1,1,20.63
231,0,1,44.55
232,1,0,28.64
233,1,0,42.54
234,1,1,44.25
235,0,1,53.87
236,1,0,25.63
237,0,0,47.35
238,1,1,39.18
239,1,1,54.7
240,1,1,63.35
241,0,1,29.61
242,1,1,26.64
243,1,1,28.75
244,1,1,35.72
245,0,0,55.28
246,0,1,34.15
247,0,0,48.55
248,0,0,72.41
249,0,1,32.07
250,0,0,55.83
251,1,1,54.21
252,0,1,63.46
253,1,0,68.8
254,1,0,29.62
255,1,0,50.95
256,1,0,79.19
257,0,0,83.04
258,1,1,28.06
259,1,1,32.62
260,1,1,30.41
261,0,1,31.38
262,0,0,97.91
263,0,0,51.22
264,1,0,52.95
265,1,1,21.87
266,0,1,27.09
267,0,0,62.81
268,1,1,24.12
269,1,1,18.67
270,1,1,53.95
271,0,1,45.9
272,1,0,52.73
273,1,0,65.48
274,1,1,53.06
275,1,0,77.21
276,0,0,62.03
277,0,0,48.25
278,0,0,48.49
279,1,1,54.96
280,0,0,53.01
281,1,0,58.85
282,0,0,44.09
283,0,0,73.38
284,0,0,66.86
285,1,0,58.39
286,1,1,50.22
287,0,0,44.91
288,1,1,33.75
289,1,1,41.94
290,0,0,48.8
291,1,0,33.14
292,1,1,44.72
293,0,1,23.5
294,0,0,54.59
295,1,1,23.25
296,1,1,56.12
297,1,1,28.73
298,0,0,54.22
299,0,0,44.92
300,0,0,50.37
301,1,1,26.7
302,1,0,67.91
303,1,0,36.24
304,1,1,11.31
305,0,1,31.3
306,1,1,12.78
307,0,0,42.1
308,1,0,69.47
309,0,1,43.39
310,1,0,51.22
311,1,0,47.0
312,1,0,76.12
313,0,0,59.19
314,0,0,35.06
315,1,0,39.59
316,0,0,79.11
317,0,0,43.4
318,0,0,62.36
319,1,1,24.98
320,1,0,59.47
321,1,1,54.47
322,0,0,49.51
323,1,1,28.01
324,1,0,62.66
325,0,0,61.47
326,1,0,53.77
327,1,0,59.0
328,1,0,54.02
329,1,1,40.54
330,0,1,21.08
331,1,1,46.71
332,0,0,67.79
333,0,0,53.92
334,1,1,25.23
335,1,1,28.63
336,0,0,63.45
337,0,0,49.16
338,0,0,47.99
339,1,0,71.11
340,0,0,38.3
341,0,0,60.43
342,1,0,46.98
343,0,0,55.97
344,0,0,58.56
345,0,0,37.0
346,1,1,43.55
347,0,1,25.91
348,1,0,56.32
349,0,0,61.86
350,0,1,21.76
351,1,1,51.01
352,1,1,69.8
353,1,1,28.35
354,0,0,26.2
355,1,0,66.01
356,1,1,40.79
357,0,0,60.67
358,0,1,35.93
359,0,0,37.95
360,1,0,58.78
361,1,1,36.94
362,0,1,29.07
363,0,0,67.67
364,0,0,12.5
365,1,1,55.38
366,1,1,29.12
367,0,0,39.88
368,0,0,76.63
369,1,0,42.46
370,0,0,63.3
371,0,0,42.84
372,1,0,37.79
373,1,1,16.4
374,1,1,38.4
375,0,0,64.74
376,0,1,30.67
377,1,0,54.77
378,1,1,51.57
379,1,1,44.66
380,1,1,49.75
381,0,1,30.01
382,0,0,47.02
383,1,1,42.22
384,1,1,32.71
385,0,0,63.33
386,0,0,39.76
387,0,1,35.05
388,1,0,78.8
389,0,0,65.16
390,1,1,28.81
391,1,1,28.2
392,0,0,26.46
393,1,0,33.99
394,1,1,20.61
395,0,1,33.44
396,0,0,47.03
397,1,0,60.79
398,1,1,26.69
399,1,1,54.63
400,0,0,44.92
401,0,0,52.98
402,1,1,43.82
403,0,1,49.61
404,1,1,31.84
405,0,1,21.63
406,1,1,16.82
407,0,0,61.04
408,1,1,29.31
409,0,1,35.45
410,0,0,36.08
411,0,0,43.62
412,1,0,67.64
413,0,1,57.66
414,1,1,48.61
415,0,0,49.69
416,1,1,29.44
417,0,0,46.88
418,1,1,47.77
419,0,1,18.56
420,1,0,73.78
421,1,1,37.28
422,0,0,45.83
423,0,0,57.97
424,1,1,37.89
425,1,1,48.26
426,0,1,44.23
427,1,1,51.56
428,1,1,43.7
429,1,1,23.86
430,0,0,34.75
431,0,1,20.72
432,0,0,53.91
433,1,0,49.0
434,0,0,46.33
435,0,1,35.04
436,0,0,37.53
437,1,0,29.78
438,0,1,53.17
439,1,0,55.58
440,0,0,46.74
441,0,0,53.68
442,0,1,40.73
443,0,1,28.1
444,1,0,70.77
445,0,0,44.84
446,1,1,30.77
447,0,0,51.56
448,0,0,48.75
449,1,0,56.96
450,1,1,25.26
451,1,0,69.08
452,1,0,69.02
453,1,1,32.67
454,0,1,33.13
455,0,0,64.96
456,1,0,36.14
457,0,0,56.66
458,0,0,54.01
459,0,0,37.49
460,0,0,46.98
461,1,0,65.09
462,1,0,43.27
463,1,1,36.43
464,1,0,57.63
465,0,0,38.14
466,0,0,66.88
467,1,1,35.9
468,0,0,69.24
469,1,1,13.46
470,0,1,40.28
471,0,0,50.91
472,0,0,41.5
473,1,1,54.02
474,0,1,18.84
475,0,0,44.94
476,0,0,37.62
477,0,0,45.46
478,1,1,18.99
479,0,0,43.04
480,1,0,58.55
481,1,0,27.61
482,1,0,40.11
483,0,0,15.97
484,0,1,48.07
485,1,0,59.75
486,1,1,39.15
487,1,0,59.74
488,1,1,43.3
489,1,1,45.51
490,1,0,48.08
491,1,1,20.89
492,0,0,60.6
493,1,0,53.32
494,0,0,55.19
495,0,0,62.31
496,0,0,45.29
497,1,0,39.38
498,0,0,52.89
499,1,1,34.93
500,0,0,44.11
501,1,1,39.81
502,1,0,67.09
503,0,1,64.42
504,0,1,20.59
505,1,1,35.41
506,0,0,20.37
507,1,0,55.91
508,0,1,33.26
509,1,0,38.27
510,0,0,42.89
511,0,0,51.74
512,0,1,37.92
513,1,1,57.21
514,1,0,63.71
515,0,1,47.53
516,0,0,51.59
517,0,0,54.12
518,0,0,71.48
519,1,1,44.36
520,1,1,29.06
521,1,1,30.37
522,1,0,55.33
523,1,0,60.72
524,1,1,36.82
525,1,1,37.16
526,0,1,63.14
527,1,0,54.79
528,1,1,47.35
529,0,1,37.95
530,0,0,48.66
531,0,0,43.4
532,1,0,52.81
533,1,0,45.16
534,1,0,58.97
535,1,1,53.78
536,0,0,61.42
537,1,0,74.49
538,0,0,63.5
539,0,1,30.03
540,0,0,56.44
541,1,1,43.85
542,1,1,57.33
543,0,0,64.1
544,0,0,56.1
545,0,1,53.65
546,0,0,45.66
547,1,1,22.76
548,1,0,40.32
549,0,1,25.3
550,0,0,55.15
551,0,0,49.58
552,1,1,28.55
553,0,0,43.88
554,0,0,35.0
555,1,1,53.23
556,0,0,60.15
557,1,1,25.21
558,0,0,57.11
559,1,1,38.1
560,0,0,47.31
561,1,1,33.63
562,1,0,45.87
563,1,1,64.76
564,0,0,18.92
565,1,0,53.0
566,1,0,61.1
567,0,0,57.78
568,1,1,14.6
569,0,0,47.63
570,0,0,56.51
571,0,0,31.99
572,0,1,46.1
573,1,1,26.84
574,0,0,51.38
575,0,0,47.22
576,1,1,24.99
577,0,1,26.04
578,1,0,40.79
579,1,1,44.12
580,0,0,46.61
581,0,0,44.91
582,0,0,50.29
583,1,1,29.02
584,0,1,37.19
585,0,1,30.38
586,1,0,65.3
587,0,0,60.26
588,0,1,13.25
589,1,1,44.0
590,1,1,32.26
591,1,1,31.94
592,0,1,41.58
593,1,1,13.36
594,0,0,49.01
595,1,0,50.65
596,1,1,35.33
597,1,0,38.5
598,0,0,58.72
599,1,0,45.04
600,0,0,41.5
601,1,0,35.94
602,0,0,67.81
603,1,0,56.12
604,1,1,38.88
605,0,0,45.15
606,1,1,40.71
607,0,0,50.14
608,1,0,44.45
609,0,0,52.43
610,1,1,29.65
611,1,0,51.31
612,1,0,42.73
613,1,1,32.67
614,0,0,62.33
615,1,1,34.35
616,0,0,74.84
617,0,0,57.52
618,1,0,51.95
619,0,1,49.69
620,0,1,29.09
621,1,1,35.17
622,0,0,57.94
623,0,0,50.63
624,0,0,57.83
625,1,1,14.22
626,1,1,18.57
627,1,1,53.94
628,0,0,55.88
629,1,0,48.42
630,1,0,44.31
631,1,1,33.51
632,0,0,67.42
633,1,1,11.55
634,1,0,55.21
635,1,1,27.07
636,1,1,39.46
637,1,1,64.2
638,0,0,53.56
639,0,0,65.03
640,0,0,72.48
641,1,0,54.77
642,0,1,23.98
643,0,1,40.77
644,0,1,28.37
645,1,0,49.95
646,0,1,29.12
647,1,1,13.6
648,0,0,53.48
649,1,1,47.22
650,0,1,37.7
651,1,0,63.13
652,1,0,47.68
653,0,0,45.52
654,1,1,21.98
655,0,1,26.7
656,0,0,37.72
657,1,0,54.63
658,0,1,39.49
659,1,1,56.97
660,1,1,61.42
661,1,1,26.19
662,0,0,48.41
663,0,0,60.24
664,1,1,43.44
665,1,0,57.53
666,0,1,30.66
667,1,1,24.65
668,0,0,55.81
669,1,1,30.63
670,0,1,28.04
671,0,1,19.69
672,1,1,50.16
673,0,0,41.99
674,0,1,38.44
675,1,1,37.11
676,1,1,52.49
677,1,1,24.82
678,1,1,53.46
679,1,0,51.76
680,1,1,50.6
681,0,1,39.41
682,0,0,27.45
683,1,1,47.77
684,0,0,41.09
685,0,0,50.29
686,1,0,61.49
687,1,0,55.39
688,1,1,35.02
689,1,1,58.08
690,0,0,51.84
691,1,1,35.53
692,0,0,58.01
693,0,0,58.49
694,0,0,61.42
695,1,1,61.18
696,1,1,39.3
697,0,1,36.85
698,1,0,42.46
699,1,0,62.25
700,1,0,35.77
701,1,1,34.55
702,0,0,49.4
703,0,1,45.59
704,0,0,53.92
705,1,0,60.94
706,0,0,48.91
707,1,1,62.35
708,0,0,48.06
709,0,0,51.7
710,0,0,39.18
711,0,0,58.69
712,1,0,67.55
713,0,1,50.18
714,0,0,68.55
715,1,1,51.41
716,1,1,29.71
717,1,1,38.71
718,1,0,68.94
719,1,1,50.68
720,0,0,47.22
721,1,1,21.99
722,1,1,54.95
723,1,0,34.05
724,0,0,52.53
725,1,1,49.66
726,0,0,70.96
727,0,0,58.86
728,0,0,37.71
729,1,1,28.84
730,1,1,18.69
731,1,0,68.2
732,0,0,56.37
733,1,1,11.21
734,1,0,64.83
735,0,0,54.62
736,1,1,43.14
737,1,1,45.65
738,0,1,26.96
739,0,0,53.89
740,1,0,67.06
741,1,1,34.19
742,1,1,37.03
743,1,0,70.85
744,1,1,40.79
745,1,1,30.96
746,0,0,41.61
747,0,0,50.99
748,1,1,37.33
749,0,1,52.35
750,0,1,38.75
751,1,0,66.8
752,0,0,49.88
753,0,1,26.09
754,1,1,38.52
755,1,1,35.22
756,0,0,51.78
757,1,0,46.52
758,0,0,54.04
759,1,1,16.27
760,0,0,62.05
761,0,0,51.98
762,1,0,43.9
763,1,1,45.84
764,1,1,40.76
765,1,1,25.75
766,0,0,60.47
767,1,1,42.46
768,1,1,35.38
769,1,1,46.25
770,0,0,48.56
771,0,0,53.5
772,1,1,50.88
773,0,1,27.88
774,0,0,57.06
775,0,0,39.93
776,1,0,33.19
777,1,1,48.52
778,0,0,68.12
779,1,1,40.78
780,1,1,32.35
781,1,1,66.37
782,1,1,21.25
783,0,0,54.23
784,0,0,33.67
785,1,0,77.37
786,1,1,39.23
787,1,0,29.1
788,0,1,33.69
789,0,0,47.29
790,0,1,46.79
791,1,1,51.63
792,1,1,37.87
793,1,1,52.86
794,1,0,65.67
795,0,1,24.1
796,0,1,41.94
797,1,0,43.92
798,1,0,56.51
799,0,1,51.97
800,1,1,28.0
801,0,1,14.83
802,1,1,59.38
803,0,0,67.58
804,1,0,57.12
805,1,1,39.03
806,0,0,70.58
807,0,1,46.32
808,0,0,59.87
809,0,0,46.26
810,0,0,37.34
811,0,0,61.03
812,1,1,40.12
813,0,1,24.54
814,1,0,50.28
815,1,0,48.99
816,1,0,60.71
817,1,1,19.61
818,1,0,55.29
819,1,0,73.29
820,1,1,29.51
821,0,0,66.93
822,1,0,52.62
823,1,1,54.44
824,1,1,18.32
825,1,1,39.09
826,0,1,45.11
827,1,0,81.18
828,0,0,47.72
829,0,1,30.32
830,0,0,68.23
831,1,0,50.66
832,1,0,48.45
833,0,0,59.04
834,1,0,67.62
835,1,0,53.12
836,1,1,28.57
837,0,0,62.55
838,0,0,58.57
839,0,0,35.78
840,1,0,67.39
841,0,0,54.94
842,0,0,50.21
843,0,0,48.58
844,0,1,58.08
845,0,0,69.04
846,0,0,39.84
847,0,1,52.99
848,0,0,33.69
849,1,1,43.52
850,0,0,50.37
851,1,1,42.95
852,0,0,53.31
853,0,1,28.67
854,1,1,37.14
855,0,1,51.52
856,1,0,45.96
857,0,0,37.48
858,1,0,60.86
859,1,0,63.25
860,1,0,73.54
861,1,0,56.2
862,1,1,32.15
863,0,0,61.54
864,0,1,62.02
865,1,0,33.5
866,1,0,30.39
867,1,0,31.52
868,1,1,41.06
869,0,0,52.1
870,1,1,33.58
871,1,1,47.17
872,1,0,56.93
873,0,0,45.02
874,0,0,58.88
875,1,1,49.33
876,0,1,42.26
877,0,0,23.28
878,0,1,68.7
879,1,1,45.39
880,0,0,42.2
881,0,0,63.71
882,1,1,60.78
883,0,1,33.64
884,0,1,38.41
885,1,1,26.57
886,0,0,65.09
887,0,0,69.3
888,0,1,39.77
889,0,1,58.8
890,0,1,32.95
891,1,1,48.37
892,0,0,54.16
893,0,1,43.32
894,0,0,73.23
895,1,0,48.36
896,0,1,38.25
897,0,0,43.83
898,0,1,36.49
899,0,0,52.86
900,1,1,59.32
901,1,0,65.62
902,0,0,61.73
903,0,0,61.71
904,0,0,53.09
905,0,0,42.19
906,0,0,68.92
907,1,0,57.58
908,1,0,68.89
909,1,1,35.72
910,0,1,28.14
911,0,0,74.14
912,1,0,65.34
913,1,0,63.87
914,0,0,31.52
915,0,1,24.16
916,1,1,31.66
917,0,0,66.85
918,1,1,41.85
919,1,0,58.25
920,0,0,61.14
921,0,0,54.73
922,1,1,41.37
923,0,0,70.62
924,1,0,42.81
925,1,1,33.78
926,0,0,21.47
927,0,0,43.54
928,1,0,39.8
929,0,1,53.27
930,1,1,27.02
931,1,1,40.23
932,0,0,74.67
933,1,0,59.75
934,0,1,36.94
935,0,0,58.91
936,1,1,61.04
937,1,1,25.97
938,1,1,40.86
939,1,0,54.53
940,1,0,33.26
941,0,0,43.67
942,0,0,47.4
943,1,1,55.85
944,1,0,41.11
945,0,0,51.52
946,1,1,54.06
947,1,0,50.62
948,1,0,52.75
949,1,0,50.52
950,0,1,49.55
951,1,1,57.21
952,1,1,45.05
953,0,0,49.35
954,1,1,16.67
955,0,1,25.71
956,1,1,36.32
957,0,0,51.53
958,0,0,61.81
959,1,1,40.74
960,0,0,36.8
961,1,1,31.01
962,1,1,48.21
963,0,0,57.52
964,1,0,56.6
965,0,0,58.56
966,1,0,79.37
967,1,0,55.52
968,1,0,46.86
969,1,1,44.89
970,0,0,63.56
971,1,1,33.68
972,0,0,48.18
973,0,1,38.92
974,0,1,40.57
975,0,0,46.89
976,1,0,47.09
977,1,1,59.38
978,0,0,71.69
979,1,1,31.7
980,0,0,35.79
981,0,0,43.48
982,0,0,59.02
983,1,0,72.99
984,1,1,48.1
985,0,0,57.31
986,1,1,36.17
987,0,0,54.54
988,0,0,59.38
989,0,0,34.15
990,0,0,51.14
991,0,0,42.08
992,1,1,51.23
993,0,0,35.65
994,1,0,38.64
995,0,1,46.45
996,0,1,35.12
997,0,1,24.33
998,0,0,61.71
999,0,1,38.32
1000,0,0,67.17
1001,0,1,30.03
1002,1,1,32.25
1003,1,0,60.92
1004,1,1,30.99
1005,1,0,70.66
1006,0,1,45.38
1007,0,1,43.18
1008,1,0,63.96
1009,0,0,48.89
1010,0,0,63.65
1011,0,0,78.85
1012,0,1,55.64
1013,0,0,51.47
1014,1,0,77.36
1015,0,0,56.56
1016,0,0,67.15
1017,1,1,35.67
1018,0,1,36.06
1019,1,0,60.86
1020,1,1,44.0
1021,1,0,59.9
1022,1,1,43.21
1023,0,1,51.82
1024,1,1,76.13
1025,1,0,52.58
1026,0,0,62.49
1027,0,0,43.97
1028,0,0,54.14
1029,1,0,56.96
1030,0,0,48.95
1031,1,0,28.94
1032,0,1,10.98
1033,1,1,46.83
1034,0,1,21.36
1035,0,0,53.66
1036,0,0,59.12
1037,1,1,35.48
1038,1,1,25.91
1039,0,0,42.54
1040,0,0,51.98
1041,1,0,31.11
1042,1,1,41.5
1043,1,0,44.43
1044,1,0,44.23
1045,0,0,40.0
1046,0,0,38.01
1047,0,0,53.95
1048,0,0,43.7
1049,1,0,31.48
1050,1,0,38.95
1051,0,1,48.0
1052,0,0,37.99
1053,1,1,42.72
1054,1,1,48.14
1055,1,1,32.1
1056,1,1,26.04
1057,0,0,50.6
1058,0,0,70.03
1059,1,1,28.51
1060,0,0,55.75
1061,1,1,26.89
1062,1,1,22.07
1063,0,1,52.28
1064,0,0,40.69
1065,1,1,31.08
1066,1,1,46.89
1067,1,1,48.07
1068,0,0,17.87
1069,0,0,59.32
1070,1,1,41.65
1071,1,1,35.0
1072,0,1,1.44
1073,1,1,33.72
1074,1,1,45.55
1075,0,1,34.81
1076,0,0,53.43
1077,0,0,48.54
1078,0,0,61.77
1079,0,0,47.47
1080,1,1,31.16
1081,1,1,33.45
1082,1,0,80.3
1083,1,0,58.73
1084,1,0,72.72
1085,1,1,44.49
1086,1,0,51.14
1087,0,0,45.36
1088,0,1,41.04
1089,0,1,33.91
1090,0,0,47.28
1091,1,1,29.4
1092,0,0,53.33
1093,1,0,70.19
1094,1,0,46.88
1095,1,1,25.5
1096,0,0,54.09
1097,0,1,24.28
1098,0,0,42.54
1099,1,1,31.03
1100,1,1,27.72
1101,1,1,19.34
1102,0,0,59.71
1103,0,0,46.71
1104,0,0,36.4
1105,0,0,61.12
1106,1,0,51.34
1107,1,1,29.04
1108,0,0,59.08
1109,1,1,26.0
1110,1,1,31.69
1111,1,0,48.21
1112,1,0,65.61
1113,0,1,32.94
1114,0,0,47.24
1115,1,0,47.05
1116,1,1,45.79
1117,1,1,41.14
1118,0,0,38.67
1119,0,0,32.79
1120,1,0,68.32
1121,1,1,30.97
1122,0,0,51.81
1123,1,0,55.79
1124,0,0,65.92
1125,0,0,64.17
1126,1,1,37.97
1127,1,1,50.46
1128,0,0,63.09
1129,0,0,43.75
1130,0,0,50.45
1131,1,1,4.48
1132,0,0,69.5
1133,0,0,49.66
1134,0,0,48.24
1135,0,0,46.16
1136,1,0,69.27
1137,0,0,56.92
1138,1,0,47.21
1139,0,0,74.85
1140,0,1,32.15
1141,1,0,74.22
1142,0,0,38.19
1143,0,0,54.65
1144,0,0,55.32
1145,0,0,50.56
1146,1,0,45.17
1147,1,1,46.6
1148,0,1,40.65
1149,0,0,86.88
1150,0,0,67.56
1151,1,1,30.16
1152,0,0,69.01
1153,0,1,54.73
1154,0,0,49.99
1155,0,0,41.75
1156,1,1,35.86
1157,1,1,26.74
1158,0,1,39.07
1159,0,0,57.57
1160,1,1,47.48
1161,1,0,59.15
1162,0,0,51.62
1163,1,1,50.95
1164,1,0,69.01
1165,1,1,24.75
1166,1,0,57.15
1167,1,1,26.96
1168,1,0,53.75
1169,1,0,52.48
1170,0,0,48.86
1171,0,0,39.15
1172,1,0,46.56
1173,0,0,31.85
1174,0,0,54.8
1175,1,1,43.6
1176,0,0,47.57
1177,1,0,36.73
1178,0,0,52.69
1179,0,0,43.7
1180,0,0,55.67
1181,1,0,61.45
1182,0,0,59.12
1183,1,1,31.5
1184,1,0,65.61
1185,1,1,24.96
1186,0,0,63.41
1187,0,0,83.43
1188,1,1,50.75
1189,1,0,68.74
1190,1,0,69.93
1191,0,0,74.25
1192,0,1,33.79
1193,0,1,59.36
1194,0,0,45.91
1195,0,0,57.33
1196,0,0,47.42
1197,0,1,50.91
1198,1,1,52.49
1199,1,0,56.23
1200,1,1,39.1
1201,0,0,57.47
1202,0,1,47.63
1203,1,1,57.25
1204,0,1,54.17
1205,0,1,28.89
1206,1,1,32.61
1207,1,0,40.3
1208,0,0,62.36
1209,1,1,29.99
1210,1,1,75.13
1211,1,0,68.11
1212,1,0,67.98
1213,0,1,41.97
1214,1,1,56.42
1215,1,1,26.64
1216,1,1,29.59
1217,1,0,52.5
1218,1,1,51.87
1219,1,0,69.62
1220,1,0,72.69
1221,1,0,64.08
1222,1,1,32.47
1223,0,1,47.49
1224,0,0,54.99
1225,1,1,48.33
1226,1,0,46.45
1227,1,1,38.67
1228,0,0,67.96
1229,1,1,33.47
1230,0,0,41.97
1231,0,0,65.01
1232,0,1,53.89
1233,0,0,65.04
1234,0,0,48.62
1235,0,0,44.89
1236,1,1,54.49
1237,0,0,34.71
1238,1,0,51.81
1239,0,0,71.74
1240,0,1,34.88
1241,0,0,50.42
1242,0,0,46.44
1243,0,0,48.89
1244,0,1,29.23
1245,0,0,51.06
1246,1,0,94.98
1247,1,1,25.64
1248,1,0,57.45
1249,0,0,34.13
1250,1,1,19.6
1251,1,0,60.35
1252,1,1,45.7
1253,1,1,40.03
1254,0,1,40.3
1255,0,0,34.12
1256,1,0,59.0
1257,1,1,28.64
1258,0,0,61.16
1259,0,0,59.86
1260,0,0,49.81
1261,1,0,63.83
1262,1,1,15.22
1263,1,0,46.05
1264,0,0,43.39
1265,0,0,81.29
1266,1,1,43.66
1267,0,1,29.08
1268,1,0,53.57
1269,1,0,56.13
1270,1,0,71.03
1271,1,1,52.1
1272,0,1,26.76
1273,0,0,42.6
1274,0,0,66.36
1275,0,0,43.55
1276,0,0,49.65
1277,1,1,58.55
1278,1,1,22.17
1279,1,1,62.31
1280,0,0,38.04
1281,1,1,40.23
1282,0,0,27.94
1283,0,1,32.8
1284,1,0,60.83
1285,0,0,55.92
1286,0,1,25.04
1287,0,1,35.46
1288,0,0,31.28
1289,0,0,41.37
1290,1,1,52.56
1291,1,0,44.98
1292,1,0,61.18
1293,0,0,70.52
1294,0,0,43.22
1295,1,1,33.81
1296,0,0,70.87
1297,1,0,59.15
1298,0,1,39.13
1299,1,0,39.15
1300,0,0,53.01
1301,0,0,58.68
1302,1,1,44.22
1303,0,1,11.11
1304,1,1,22.27
1305,0,0,58.54
1306,1,1,29.46
1307,1,1,39.25
1308,0,1,20.63
1309,1,1,28.14
1310,1,0,55.63
1311,1,1,20.41
1312,0,0,55.19
1313,1,1,27.04
1314,1,1,47.53
1315,1,0,39.7
1316,1,0,58.08
1317,1,0,60.23
1318,0,0,63.42
1319,1,0,58.12
1320,0,0,74.4
1321,1,0,35.65
1322,1,0,54.29
1323,0,1,38.2
1324,1,1,35.18
1325,1,0,38.12
1326,0,0,57.5
1327,1,1,27.53
1328,1,1,34.83
1329,1,1,69.67
1330,0,0,56.2
1331,1,0,60.21
1332,1,1,33.65
1333,1,1,53.86
1334,1,1,32.49
1335,1,1,49.88
1336,1,1,47.81
1337,1,0,48.13
1338,1,1,-1.71
1339,0,0,54.51
1340,1,1,60.64
1341,1,1,38.15
1342,0,0,47.74
1343,0,1,27.2
1344,1,0,70.56
1345,0,0,54.52
1346,0,0,48.29
1347,0,1,32.22
1348,1,0,74.41
1349,1,1,64.65
1350,1,0,67.57
1351,1,1,17.26
1352,1,1,48.65
1353,0,0,46.24
1354,0,0,43.29
1355,1,1,19.63
1356,1,1,62.4
1357,0,1,32.43
1358,0,0,52.36
1359,1,0,31.65
1360,1,1,40.84
1361,0,1,3.13
1362,0,0,56.04
1363,1,1,39.38
1364,1,1,31.07
1365,1,1,32.69
1366,0,0,74.08
1367,1,1,46.1
1368,0,1,20.67
1369,1,1,44.58
1370,1,1,42.94
1371,1,1,14.22
1372,1,0,66.35
1373,1,0,52.39
1374,1,1,28.55
1375,0,1,56.91
1376,1,1,23.61
1377,1,1,41.28
1378,1,0,43.92
1379,1,0,35.84
1380,0,1,36.47
1381,0,0,67.65
1382,0,0,50.45
1383,1,1,64.53
1384,0,0,77.8
1385,0,0,76.4
1386,1,0,49.91
1387,0,1,53.39
1388,1,1,33.87
1389,0,0,65.95
1390,0,0,51.97
1391,0,0,77.57
1392,0,0,61.23
1393,1,1,60.87
1394,0,0,61.91
1395,0,1,50.62
1396,0,1,13.35
1397,0,0,29.8
1398,0,0,48.0
1399,0,0,70.89
1400,1,1,36.22
1401,1,0,44.82
1402,1,0,42.61
1403,1,1,52.53
1404,1,1,25.48
1405,0,0,66.94
1406,0,1,29.02
1407,0,1,60.7
1408,0,0,56.11
1409,1,1,28.4
1410,1,0,49.38
1411,1,1,29.43
1412,1,0,62.57
1413,0,0,51.12
1414,1,1,12.29
1415,1,0,37.79
1416,1,0,66.69
1417,1,1,38.26
1418,0,0,68.15
1419,0,0,50.34
1420,0,1,29.96
1421,0,1,11.67
1422,1,0,48.28
1423,1,0,70.9
1424,0,0,47.25
1425,0,1,54.68
1426,1,0,56.97
1427,0,0,38.36
1428,0,0,39.43
1429,1,1,30.4
1430,0,1,48.12
1431,1,1,36.35
1432,0,0,63.93
1433,1,1,47.52
1434,0,0,54.98
1435,0,0,49.65
1436,1,1,26.43
1437,0,0,38.46
1438,1,1,31.92
1439,1,1,38.54
1440,1,1,44.98
1441,1,1,45.17
1442,1,1,52.51
1443,0,0,65.22
1444,1,0,54.87
1445,0,1,19.8
1446,1,1,33.59
1447,0,1,37.23
1448,0,0,33.04
1449,0,0,69.83
1450,0,0,47.21
1451,1,1,55.13
1452,1,1,33.25
1453,1,1,60.04
1454,0,0,48.34
1455,1,1,29.08
1456,0,0,82.65
1457,0,0,42.78
1458,1,0,42.68
1459,1,1,47.67
1460,0,0,60.73
1461,0,0,56.22
1462,1,0,57.05
1463,0,0,62.21
1464,1,1,35.31
1465,1,0,63.06
1466,0,1,25.01
1467,1,1,48.36
1468,0,0,44.93
1469,0,0,61.17
1470,1,1,11.56
1471,0,0,24.28
1472,1,1,65.86
1473,0,1,40.79
1474,0,1,48.26
1475,0,0,62.48
1476,0,0,47.04
1477,1,0,67.66
1478,1,1,48.01
1479,0,0,32.96
1480,1,1,17.18
1481,1,0,53.81
1482,0,0,56.03
1483,0,0,63.46
1484,1,0,53.83
1485,0,0,37.04
1486,0,0,52.05
1487,0,0,53.57
1488,1,1,44.94
1489,1,1,16.7
1490,1,1,26.68
1491,0,1,41.63
1492,0,1,40.84
1493,1,0,51.08
1494,0,1,35.16
1495,0,1,36.04
1496,1,0,59.62
1497,0,0,52.58
1498,1,0,63.48
1499,1,1,37.0
1500,1,0,28.88
1501,1,1,17.22
1502,0,0,33.63
1503,0,1,31.64
1504,0,0,41.55
1505,0,0,43.81
1506,1,1,20.71
1507,0,1,20.52
1508,0,0,76.45
1509,0,1,30.47
1510,1,1,44.28
1511,0,1,29.43
1512,0,0,43.03
1513,1,1,15.3
1514,0,0,48.44
1515,1,1,39.79
1516,0,0,59.06
1517,1,1,44.27
1518,1,1,46.65
1519,1,1,48.56
1520,0,1,38.33
1521,0,1,26.06
1522,0,0,39.65
1523,0,0,65.28
1524,0,0,42.72
1525,1,1,26.67
1526,0,1,31.43
1527,0,0,65.12
1528,0,0,67.59
1529,0,1,31.17
1530,1,0,43.08
1531,0,0,49.45
1532,0,1,23.5
1533,1,1,9.79
1534,0,0,96.84
1535,1,0,42.77
1536,1,0,55.55
1537,0,0,56.83
1538,1,1,31.58
1539,0,0,35.16
1540,1,0,48.64
1541,0,0,48.23
1542,0,0,79.58
1543,0,1,17.78
1544,1,1,57.41
1545,0,0,62.72
1546,0,1,47.89
1547,0,1,41.69
1548,1,1,34.47
1549,1,0,69.69
1550,1,0,62.62
1551,0,1,33.21
1552,0,1,28.59
1553,1,0,38.09
1554,1,0,71.15
1555,1,0,71.67
1556,0,1,44.42
1557,0,1,36.53
1558,1,1,36.31
1559,1,1,29.44
1560,1,0,45.48
1561,0,0,49.73
1562,1,1,38.61
1563,0,1,50.32
1564,1,0,24.26
1565,1,1,51.88
1566,1,1,26.15
1567,0,0,46.9
1568,1,1,34.86
1569,0,1,13.5
1570,1,1,43.1
1571,0,0,66.33
1572,1,1,19.03
1573,0,0,55.28
1574,0,1,37.32
1575,1,1,24.84
1576,0,0,30.63
1577,0,0,36.0
1578,1,1,56.87
1579,1,1,50.73
1580,0,0,40.21
1581,1,1,14.24
1582,0,1,28.54
1583,1,1,37.92
1584,0,0,66.56
1585,0,0,32.28
1586,1,0,47.38
1587,0,0,65.39
1588,0,1,36.1
1589,1,1,41.43
1590,0,0,57.19
1591,1,1,19.35
1592,0,0,51.75
1593,0,0,56.7
1594,1,0,59.2
1595,1,0,50.28
1596,1,1,18.86
1597,0,1,33.28
1598,1,0,72.29
1599,1,1,43.53
1600,0,0,56.41
1601,1,0,56.78
1602,1,1,22.15
1603,1,1,35.9
1604,1,1,25.86
1605,1,0,14.4
1606,0,0,41.92
1607,0,1,18.62
1608,0,0,70.38
1609,0,1,37.08
1610,1,1,44.72
1611,0,0,48.48
1612,1,0,59.16
1613,1,1,40.4
1614,1,1,23.34
1615,0,0,34.7
1616,0,0,58.62
1617,0,0,62.86
1618,1,1,21.01
1619,0,0,59.39
1620,0,0,72.62
1621,0,1,41.97
1622,0,0,67.88
1623,1,1,36.15
1624,1,0,59.04
1625,0,0,61.46
1626,0,0,83.39
1627,1,1,42.06
1628,1,1,50.94
1629,0,0,32.74
1630,0,0,62.55
1631,1,0,40.37
1632,0,0,68.95
1633,1,0,58.32
1634,1,1,35.41
1635,0,0,64.5
1636,0,0,67.01
1637,1,0,58.63
1638,1,1,34.38
1639,1,1,57.77
1640,1,1,18.34
1641,1,0,44.07
1642,0,0,44.39
1643,0,0,69.19
1644,1,0,54.77
1645,1,0,65.24
1646,1,0,41.25
1647,0,0,39.04
1648,0,1,32.21
1649,1,0,58.42
1650,0,0,67.42
1651,0,1,24.39
1652,1,1,40.76
1653,0,0,49.13
1654,0,0,46.55
1655,1,1,28.86
1656,0,1,41.19
1657,0,0,38.22
1658,0,0,79.93
1659,1,0,62.99
1660,1,0,57.39
1661,1,1,37.57
1662,1,1,44.01
1663,0,0,61.94
1664,0,0,47.02
1665,0,0,46.4
1666,1,1,24.09
1667,1,1,33.57
1668,1,0,62.6
1669,1,0,60.88
1670,0,0,49.67
1671,0,0,87.1
1672,1,0,63.17
1673,1,0,60.22
1674,1,1,11.66
1675,0,0,58.76
1676,1,0,77.01
1677,1,0,37.09
1678,0,0,44.49
1679,1,1,22.08
1680,0,0,36.59
1681,1,1,50.46
1682,0,0,45.43
1683,0,1,19.66
1684,0,0,44.84
1685,1,0,55.1
1686,0,0,54.79
1687,1,1,22.98
1688,1,1,47.89
1689,1,1,39.46
1690,0,0,51.08
1691,1,0,57.73
1692,0,0,45.56
1693,1,1,45.13
1694,0,0,60.63
1695,1,1,52.83
1696,0,1,36.97
1697,0,1,35.31
1698,1,1,34.96
1699,0,1,37.51
1700,0,0,53.47
1701,1,0,68.37
1702,0,0,48.98
1703,1,0,53.23
1704,1,0,55.26
1705,0,1,26.02
1706,0,1,58.51
1707,1,0,52.17
1708,1,1,47.71
1709,1,1,50.75
1710,1,0,40.11
1711,1,0,76.75
1712,1,1,38.26
1713,0,0,41.23
1714,1,0,65.69
1715,0,1,35.77
1716,0,0,74.0
1717,0,0,50.77
1718,1,0,33.7
1719,1,1,10.75
1720,1,1,46.31
1721,1,1,51.04
1722,0,0,58.69
1723,1,0,39.79
1724,0,1,27.26
1725,0,0,36.77
1726,0,0,30.97
1727,0,0,71.63
1728,1,1,45.97
1729,0,0,31.43
1730,0,1,41.52
1731,1,0,32.0
1732,1,1,57.24
1733,1,0,70.98
1734,0,0,55.27
1735,1,0,59.97
1736,0,1,45.74
1737,1,1,51.8
1738,0,0,60.98
1739,1,1,26.28
1740,0,1,25.2
1741,0,0,42.99
1742,1,0,51.4
1743,1,0,49.15
1744,0,1,46.37
1745,0,0,41.72
1746,1,0,66.83
1747,1,0,61.61
1748,0,1,9.49
1749,0,0,52.28
1750,0,0,51.79
1751,0,0,61.32
1752,1,1,39.31
1753,1,0,49.68
1754,1,0,50.08
1755,0,0,44.43
1756,0,1,30.37
1757,1,1,40.44
1758,1,1,44.66
1759,0,0,47.84
1760,0,0,53.54
1761,0,1,29.04
1762,1,0,39.73
1763,1,1,24.55
1764,0,1,47.99
1765,0,0,58.28
1766,0,0,61.36
1767,0,0,67.37
1768,1,0,61.73
1769,0,0,61.7
1770,1,1,30.17
1771,0,0,60.82
1772,1,0,44.49
1773,1,1,47.89
1774,1,0,43.24
1775,0,0,52.55
1776,1,1,31.82
1777,0,0,63.48
1778,1,0,69.35
1779,0,1,-2.73
1780,0,0,54.27
1781,1,0,55.95
1782,0,0,57.33
1783,0,0,40.86
1784,0,0,33.36
1785,1,0,66.79
1786,0,1,26.63
1787,1,1,33.41
1788,1,1,13.04
1789,1,1,46.76
1790,0,0,60.92
1791,1,0,29.19
1792,1,0,57.01
1793,1,1,28.16
1794,1,0,67.45
1795,0,1,22.02
1796,0,0,70.47
1797,1,1,63.22
1798,1,0,66.72
1799,1,1,42.23
1800,1,0,53.61
1801,1,0,69.42
1802,1,1,29.87
1803,1,1,30.06
1804,0,1,26.15
1805,0,0,37.31
1806,0,0,57.23
1807,0,0,38.4
1808,1,0,67.29
1809,1,0,51.06
1810,0,0,64.33
1811,1,0,68.16
1812,1,0,61.04
1813,0,0,51.62
1814,1,1,50.56
1815,0,0,46.9
1816,0,0,68.83
1817,0,0,45.51
1818,1,1,47.38
1819,0,0,65.56
1820,0,1,39.26
1821,1,1,36.15
1822,1,1,45.31
1823,0,0,60.09
1824,0,0,71.44
1825,0,0,40.0
1826,0,0,46.95
1827,1,0,37.51
1828,0,0,44.13
1829,0,1,29.15
1830,0,0,55.17
1831,1,1,39.66
1832,1,0,59.94
1833,0,0,66.27
1834,0,0,36.76
1835,1,1,30.01
1836,0,0,45.14
1837,1,1,41.81
1838,0,1,28.73
1839,1,1,43.85
1840,1,1,40.9
1841,0,0,36.32
1842,1,1,54.6
1843,1,1,50.76
1844,0,1,37.55
1845,0,0,46.37
1846,1,1,55.9
1847,0,0,54.3
1848,0,1,20.5
1849,0,0,34.05
1850,1,1,55.76
1851,1,1,37.78
1852,0,1,56.19
1853,1,1,30.28
1854,0,0,65.74
1855,1,1,26.53
1856,0,0,57.28
1857,0,0,38.85
1858,0,0,55.5
1859,1,1,27.04
1860,0,0,19.87
1861,1,1,37.93
1862,0,0,38.94
1863,0,0,60.84
1864,1,1,45.41
1865,1,1,37.86
1866,1,0,43.09
1867,1,1,53.73
1868,0,0,28.82
1869,0,0,55.54
1870,1,1,48.52
1871,0,0,50.41
1872,0,1,22.13
1873,1,0,72.21
1874,0,0,69.78
1875,1,0,64.29
1876,1,0,66.68
1877,1,0,28.97
1878,1,1,30.49
1879,1,1,29.76
1880,0,0,63.0
1881,1,0,54.0
1882,0,1,34.66
1883,0,0,29.84
1884,1,1,53.96
1885,1,0,51.93
1886,1,1,53.02
1887,1,1,35.09
1888,1,1,26.72
1889,0,0,22.42
1890,0,0,58.43
1891,0,0,53.77
1892,0,0,60.47
1893,1,0,59.18
1894,1,0,68.27
1895,0,0,66.11
1896,1,1,44.3
1897,1,0,57.25
1898,1,1,45.75
1899,1,0,46.72
1900,1,0,53.83
1901,1,1,53.16
1902,0,0,66.04
1903,1,0,50.64
1904,0,0,49.69
1905,1,0,47.06
1906,0,0,46.38
1907,0,0,62.13
1908,0,0,59.79
1909,1,0,57.0
1910,1,0,56.81
1911,1,1,35.84
1912,0,1,37.69
1913,0,0,64.85
1914,1,1,56.62
1915,0,0,62.93
1916,0,0,48.96
1917,1,1,34.47
1918,0,0,50.18
1919,1,1,39.65
1920,1,0,46.38
1921,1,1,30.86
1922,0,1,42.71
1923,0,1,34.99
1924,0,1,39.74
1925,0,1,45.43
1926,0,0,44.43
1927,1,0,54.73
1928,0,0,73.12
1929,0,0,75.97
1930,0,0,60.85
1931,1,1,45.83
1932,0,0,62.87
1933,0,0,49.12
1934,0,1,38.54
1935,1,1,35.32
1936,1,1,21.97
1937,1,1,26.17
1938,0,0,48.81
1939,0,0,53.23
1940,0,0,38.05
1941,0,1,27.06
1942,1,0,64.65
1943,0,1,33.3
1944,1,1,35.3
1945,1,1,77.18
1946,0,0,45.71
1947,1,1,9.22
1948,1,1,30.26
1949,0,1,58.3
1950,0,1,44.87
1951,1,1,27.54
1952,0,0,52.97
1953,0,1,21.1
1954,1,0,54.08
1955,1,0,58.2
1956,0,0,50.34
1957,1,0,65.31
1958,1,0,42.16
1959,1,1,39.5
1960,1,1,67.99
1961,1,0,37.98
1962,1,0,66.39
1963,0,0,53.1
1964,0,0,52.25
1965,0,0,43.5
1966,1,1,36.16
1967,1,1,55.92
1968,1,1,37.28
1969,0,1,23.51
1970,1,1,44.0
1971,0,0,37.76
1972,1,1,55.42
1973,0,1,48.41
1974,1,0,34.97
1975,1,1,43.44
1976,1,1,25.87
1977,0,1,30.47
1978,1,0,53.65
1979,0,0,74.21
1980,0,0,66.89
1981,0,1,40.38
1982,0,1,25.87
1983,1,1,33.8
1984,0,0,63.84
1985,1,0,46.76
1986,0,0,66.39
1987,1,1,35.09
1988,1,1,40.54
1989,1,1,36.0
1990,0,1,38.28
1991,1,1,56.93
1992,0,1,22.4
1993,1,1,23.64
1994,0,0,65.15
1995,0,1,24.72
1996,1,0,58.34
1997,1,0,46.61
1998,1,0,58.14
1999,1,1,31.14
2000,0,0,58.5
2001,0,1,41.3
2002,1,1,21.81
2003,0,0,48.87
2004,1,1,37.82
2005,0,0,54.98
2006,1,1,25.08
2007,0,0,63.5
2008,1,1,27.51
2009,1,0,36.69
2010,1,1,47.94
2011,1,1,43.22
2012,1,0,57.22
2013,1,1,31.5
2014,1,1,48.11
2015,1,1,5.46
2016,0,0,61.41
2017,1,1,49.04
2018,1,1,44.74
2019,0,0,53.1
2020,1,1,40.36
2021,0,0,66.46
2022,1,1,20.68
2023,0,0,50.71
2024,1,1,28.3
2025,1,0,36.09
2026,0,0,66.45
2027,1,1,56.48
2028,0,0,35.11
2029,0,0,56.65
2030,1,0,49.02
2031,1,1,60.35
2032,0,0,57.37
2033,1,1,37.36
2034,1,0,36.61
2035,0,0,62.73
2036,0,0,32.36
2037,0,0,47.62
2038,0,0,36.88
2039,0,0,42.29
2040,0,0,40.29
2041,1,0,43.04
2042,1,1,44.31
2043,1,1,50.51
2044,0,0,60.16
2045,1,1,37.88
2046,1,0,55.86
2047,0,0,41.38
2048,0,0,50.55
2049,0,0,39.49
2050,0,1,45.08
2051,0,0,51.49
2052,0,0,67.43
2053,0,0,40.53
2054,0,0,33.11
2055,0,0,38.1
2056,0,1,26.53
2057,1,1,34.37
2058,1,0,71.77
2059,1,0,52.48
2060,0,0,34.56
2061,1,0,55.11
2062,0,0,50.2
2063,1,1,19.53
2064,1,0,33.7
2065,0,1,21.36
2066,1,1,27.54
2067,1,1,38.14
2068,1,1,63.77
2069,1,1,46.47
2070,0,0,79.06
2071,0,0,65.79
2072,0,0,56.32
2073,0,0,42.49
2074,1,1,28.6
2075,1,1,27.44
2076,0,0,54.73
2077,1,1,39.04
2078,0,0,45.66
2079,1,0,50.18
2080,0,1,36.91
2081,0,1,40.62
2082,1,1,22.44
2083,0,1,36.61
2084,0,0,39.18
2085,0,0,78.04
2086,0,1,39.88
2087,0,0,63.34
2088,1,1,49.87
2089,1,1,25.21
2090,0,0,33.23
2091,0,0,62.75
2092,0,0,28.68
2093,0,0,22.75
2094,1,1,49.73
2095,1,0,57.93
2096,0,0,35.39
2097,1,0,59.12
2098,0,0,39.45
2099,1,0,57.72
2100,0,1,39.44
2101,0,0,49.21
2102,1,0,54.61
2103,1,1,24.92
2104,1,1,43.88
2105,1,1,48.31
2106,1,1,28.09
2107,0,1,29.66
2108,1,1,55.32
2109,0,0,61.44
2110,1,0,41.01
2111,0,0,68.86
2112,1,0,76.87
2113,0,1,47.57
2114,1,1,47.14
2115,0,0,61.85
2116,1,1,36.29
2117,0,1,33.6
2118,1,0,58.46
2119,1,0,45.73
2120,0,0,38.32
2121,1,1,27.88
2122,0,0,48.42
2123,0,0,50.68
2124,0,1,44.15
2125,0,1,30.29
2126,0,0,50.18
2127,1,1,46.4
2128,1,1,34.88
2129,1,1,41.93
2130,1,0,43.34
2131,1,0,43.92
2132,0,1,23.94
2133,1,0,35.51
2134,0,1,36.79
2135,0,0,60.82
2136,1,0,49.89
2137,1,1,54.75
2138,0,1,50.25
2139,1,0,62.03
2140,1,0,50.08
2141,0,0,79.91
2142,1,1,36.45
2143,1,1,32.73
2144,1,1,38.79
2145,1,0,58.69
2146,1,1,56.29
2147,0,1,37.61
2148,0,0,58.1
2149,1,0,70.21
2150,0,1,35.77
2151,1,1,38.46
2152,1,1,59.63
2153,0,1,42.32
2154,1,0,51.42
2155,0,0,68.72
2156,0,1,40.0
2157,1,0,66.02
2158,0,0,54.66
2159,1,1,42.68
2160,0,0,57.73
2161,1,1,46.24
2162,0,1,57.64
2163,1,1,33.46
2164,1,0,51.22
2165,0,1,36.32
2166,1,1,44.45
2167,1,0,54.71
2168,1,1,29.93
2169,1,1,45.02
2170,0,0,32.03
2171,1,1,28.84
2172,1,1,33.18
2173,0,0,37.0
2174,0,1,36.4
2175,0,0,55.4
2176,0,0,65.7
2177,1,1,30.68
2178,0,1,37.88
2179,1,1,60.39
2180,1,1,23.19
2181,1,0,69.68
2182,1,1,31.6
2183,0,1,32.57
2184,1,1,26.47
2185,1,0,61.64
2186,0,0,41.34
2187,0,0,36.09
2188,0,1,35.35
2189,1,1,27.5
2190,0,0,54.42
2191,1,1,23.44
2192,1,0,44.25
2193,0,1,24.96
2194,1,1,34.35
2195,0,1,25.26
2196,1,1,25.16
2197,0,1,30.95
2198,1,0,62.29
2199,1,0,39.27
2200,0,0,31.05
2201,0,0,46.22
2202,1,1,34.66
2203,0,0,72.59
2204,1,1,36.07
2205,0,0,57.14
2206,0,1,48.28
2207,0,0,61.38
2208,0,1,47.26
2209,1,1,25.98
2210,1,1,25.04
2211,1,0,63.5
2212,0,0,53.29
2213,0,0,74.11
2214,0,0,71.8
2215,1,1,43.95
2216,0,1,52.95
2217,1,0,49.33
2218,0,1,27.41
2219,1,1,64.54
2220,1,1,31.81
2221,1,1,53.37
2222,0,0,28.12
2223,0,0,44.47
2224,1,0,41.34
2225,1,1,57.01
2226,1,0,78.38
2227,1,1,23.45
2228,0,1,45.56
2229,1,1,25.91
2230,0,1,36.96
2231,0,1,44.95
2232,1,1,48.24
2233,0,1,29.31
2234,0,1,36.68
2235,1,1,72.62
2236,1,0,45.59
2237,0,0,66.09
2238,0,0,53.99
2239,1,1,54.61
2240,1,1,31.05
2241,1,1,26.0
2242,0,0,77.79
2243,1,0,64.04
2244,1,1,31.61
2245,1,1,22.02
2246,1,1,35.19
2247,0,0,72.73
2248,1,0,67.62
2249,1,1,50.17
2250,0,0,59.8
2251,1,0,24.61
2252,0,1,31.13
2253,1,1,33.64
2254,0,1,48.37
2255,0,1,26.29
2256,0,1,45.49
2257,1,0,69.75
2258,1,1,22.14
2259,1,1,24.39
2260,1,0,49.9
2261,0,0,75.61
2262,0,0,37.83
2263,1,0,53.62
2264,1,0,69.87
2265,1,1,35.41
2266,0,1,43.72
2267,1,1,53.44
2268,1,0,44.62
2269,1,0,41.72
2270,1,0,66.44
2271,0,1,35.55
2272,1,1,31.83
2273,1,0,48.43
2274,1,1,35.33
2275,1,0,51.44
2276,1,1,33.85
2277,1,1,33.36
2278,0,0,67.81
2279,1,0,67.18
2280,1,1,37.62
2281,1,0,59.59
2282,1,1,34.06
2283,0,1,32.18
2284,0,0,54.85
2285,1,0,37.23
2286,0,0,62.27
2287,0,1,23.92
2288,0,1,13.03
2289,0,1,33.34
2290,1,0,55.94
2291,1,0,44.96
2292,0,0,37.5
2293,0,0,56.81
2294,0,0,36.72
2295,1,1,42.79
2296,0,0,46.34
2297,1,1,45.94
2298,1,1,15.99
2299,0,0,64.23
2300,1,0,54.87
2301,0,1,32.21
2302,0,0,50.38
2303,0,0,38.95
2304,0,0,76.21
2305,0,0,44.72
2306,1,0,58.43
2307,0,1,31.31
2308,0,1,43.46
2309,0,0,60.73
2310,0,0,58.06
2311,0,0,69.39
2312,0,0,66.93
2313,0,0,56.01
2314,0,0,63.63
2315,1,1,56.48
2316,0,1,44.81
2317,0,0,59.16
2318,0,0,55.81
2319,1,1,26.9
2320,0,1,52.97
2321,0,0,48.7
2322,0,0,57.28
2323,0,0,66.35
2324,1,1,45.52
2325,1,1,22.76
2326,0,0,64.85
2327,1,1,41.23
2328,0,1,52.08
2329,1,1,12.49
2330,1,1,44.84
2331,0,1,37.33
2332,1,0,50.67
2333,0,1,52.18
2334,1,1,38.78
2335,1,0,52.44
2336,0,1,13.41
2337,1,1,35.56
2338,1,1,53.55
2339,0,1,32.88
2340,1,1,38.62
2341,1,0,67.41
2342,0,1,48.67
2343,1,0,48.46
2344,0,0,37.69
2345,1,1,40.23
2346,1,1,58.08
2347,0,0,58.68
2348,1,1,26.96
2349,1,1,35.22
2350,1,0,46.18
2351,0,0,18.31
2352,1,1,43.31
2353,1,0,43.88
2354,1,1,39.11
2355,1,1,31.11
2356,1,1,28.5
2357,0,1,29.13
2358,0,0,62.19
2359,0,0,42.22
2360,1,1,26.33
2361,1,1,35.55
2362,1,1,51.57
2363,1,0,76.16
2364,1,1,22.68
2365,1,0,68.93
2366,1,1,39.32
2367,0,0,59.6
2368,1,0,59.79
2369,0,0,44.52
2370,1,0,62.23
2371,1,0,46.98
2372,0,0,56.93
2373,1,0,47.44
2374,0,0,62.25
2375,1,1,22.46
2376,0,0,43.42
2377,1,1,15.49
2378,0,0,77.22
2379,1,1,45.52
2380,0,0,62.9
2381,0,0,47.71
2382,0,0,66.53
2383,1,0,47.83
2384,1,1,41.91
2385,0,0,36.63
2386,1,1,56.13
2387,1,0,56.84
2388,0,0,59.22
2389,1,0,76.96
2390,1,1,28.03
2391,0,1,49.5
2392,0,1,31.65
2393,1,1,47.41
2394,0,0,59.17
2395,1,1,46.71
2396,0,0,61.52
2397,0,0,42.4
2398,0,0,54.31
2399,0,0,44.59
2400,1,1,39.52
2401,1,1,39.35
2402,1,0,81.14
2403,0,0,48.97
2404,1,1,33.42
2405,1,1,45.52
2406,1,0,47.37
2407,0,0,37.17
2408,0,0,48.82
2409,1,1,18.78
2410,0,0,42.54
2411,0,1,31.69
2412,0,1,33.98
2413,1,1,50.64
2414,0,0,45.13
2415,1,1,52.05
2416,0,0,62.9
2417,0,0,56.47
2418,0,0,68.27
2419,0,0,57.28
2420,1,1,41.05
2421,0,0,50.31
2422,1,0,50.39
2423,0,0,58.33
2424,0,1,30.31
2425,1,1,41.21
2426,1,1,52.7
2427,0,0,66.19
2428,1,0,37.27
2429,1,0,56.48
2430,1,0,48.81
2431,1,1,31.68
2432,1,0,40.95
2433,1,1,40.93
2434,1,0,38.88
2435,1,0,45.91
2436,1,1,37.82
2437,1,1,43.73
2438,1,1,32.59
2439,1,0,68.66
2440,1,1,33.11
2441,1,0,70.0
2442,1,1,50.73
2443,1,0,53.93
2444,0,1,43.35
2445,0,0,69.99
2446,0,0,40.12
2447,0,0,60.4
2448,1,1,25.95
2449,1,1,22.56
2450,0,1,38.32
2451,1,0,63.96
2452,0,0,38.18
2453,1,1,39.13
2454,0,0,55.52
2455,1,0,28.57
2456,0,0,48.5
2457,0,0,44.63
2458,0,1,33.41
2459,1,1,39.65
2460,0,0,49.76
2461,1,0,40.63
2462,1,1,29.21
2463,1,1,2.76
2464,1,1,32.68
2465,1,0,57.91
2466,1,1,34.17
2467,0,1,34.96
2468,1,0,65.91
2469,0,0,42.77
2470,0,0,48.39
2471,0,1,-1.3
2472,1,1,32.81
2473,1,1,11.55
2474,1,0,52.99
2475,0,0,57.05
2476,0,1,49.03
2477,0,0,68.57
2478,1,0,68.28
2479,0,0,60.6
2480,0,1,45.12
2481,1,1,51.7
2482,0,0,54.98
2483,0,0,41.71
2484,0,0,71.79
2485,0,0,65.67
2486,1,1,19.35
2487,1,0,51.64
2488,1,1,35.85
2489,1,0,66.2
2490,1,0,47.14
2491,0,0,59.05
2492,0,0,63.58
2493,1,0,51.98
2494,1,0,48.78
2495,1,1,32.71
2496,0,0,47.71
2497,1,0,54.74
2498,0,0,48.99
2499,1,1,23.69
2500,1,1,33.48
2501,1,1,15.0
2502,1,0,50.69
2503,1,0,46.42
2504,0,0,50.38
2505,0,0,25.69
2506,1,0,52.49
2507,0,1,20.46
2508,0,1,39.06
2509,1,1,22.34
2510,0,1,58.94
2511,1,0,59.84
2512,0,0,39.7
2513,0,1,33.18
2514,0,1,30.93
2515,1,1,18.64
2516,0,0,50.43
2517,1,1,53.07
2518,1,1,17.34
2519,0,0,61.66
2520,0,1,31.91
2521,0,0,33.62
2522,1,1,21.43
2523,1,0,44.76
2524,1,1,27.98
2525,0,1,62.1
2526,0,0,55.28
2527,1,0,47.45
2528,0,0,44.91
2529,1,0,60.41
2530,1,0,43.06
2531,1,0,48.48
2532,1,1,45.09
2533,1,0,50.84
2534,0,0,43.94
2535,1,1,44.2
2536,1,1,54.2
2537,0,0,42.16
2538,1,0,62.41
2539,1,0,52.47
2540,0,0,45.6
2541,1,0,41.77
2542,1,1,36.4
2543,1,1,49.58
2544,1,0,53.41
2545,1,0,67.55
2546,0,0,51.73
2547,1,1,38.39
2548,0,0,68.6
2549,1,1,28.54
2550,0,0,52.27
2551,1,1,51.13
2552,1,0,22.95
2553,0,0,50.87
2554,1,1,35.49
2555,1,1,50.61
2556,0,0,81.34
2557,0,0,47.45
2558,1,0,47.66
2559,0,0,57.85
2560,0,0,35.87
2561,0,0,46.51
2562,1,0,61.44
2563,1,1,31.16
2564,0,0,57.54
2565,0,0,34.73
2566,0,1,37.53
2567,1,0,51.56
2568,1,0,60.48
2569,0,0,65.62
2570,0,0,38.93
2571,1,1,44.07
2572,1,0,45.02
2573,1,0,56.77
2574,0,1,31.69
2575,1,1,37.49
2576,1,0,66.49
2577,0,0,33.75
2578,1,1,39.99
2579,1,0,51.09
2580,0,0,43.7
2581,0,0,51.94
2582,1,1,42.68
2583,0,0,37.6
2584,0,0,47.17
2585,1,0,58.67
2586,0,1,27.74
2587,1,1,10.76
2588,0,0,54.38
2589,0,0,58.32
2590,1,1,17.13
2591,1,0,18.5
2592,1,0,72.99
2593,0,0,46.51
2594,1,0,46.96
2595,0,0,61.85
2596,0,0,49.67
2597,1,1,30.88
2598,0,0,43.18
2599,1,0,49.95
2600,1,0,58.23
2601,0,1,57.21
2602,0,0,36.35
2603,0,1,47.65
2604,0,0,52.89
2605,0,0,58.76
2606,1,1,54.79
2607,1,1,37.08
2608,0,0,60.94
2609,1,1,31.11
2610,1,1,44.21
2611,1,0,57.35
2612,0,0,59.96
2613,1,0,56.24
2614,1,0,42.73
2615,1,0,76.54
2616,0,0,71.78
2617,1,1,22.39
2618,0,0,65.11
2619,1,1,53.78
2620,0,1,33.83
2621,0,0,56.82
2622,0,0,63.77
2623,1,1,45.12
2624,1,1,36.38
2625,0,1,27.29
2626,0,0,55.01
2627,0,1,48.08
2628,0,1,44.8
2629,0,1,31.74
2630,0,0,83.72
2631,0,0,46.88
2632,1,0,57.57
2633,0,1,62.94
2634,1,1,32.56
2635,1,0,60.27
2636,0,0,55.18
2637,0,0,38.8
2638,1,1,45.97
2639,0,1,19.63
2640,1,0,77.95
2641,1,1,54.27
2642,0,0,24.81
2643,1,1,35.27
2644,1,0,79.55
2645,0,0,45.1
2646,0,0,31.71
2647,0,0,55.39
2648,0,0,77.28
2649,0,0,33.12
2650,1,1,43.36
2651,0,0,57.39
2652,0,0,40.55
2653,1,1,28.49
2654,0,0,46.34
2655,0,0,64.73
2656,0,1,21.87
2657,0,1,40.85
2658,0,0,57.73
2659,0,1,31.8
2660,0,1,31.33
2661,0,0,48.89
2662,1,1,48.5
2663,0,0,70.82
2664,0,1,35.31
2665,0,1,47.06
2666,0,0,71.62
2667,1,0,43.77
2668,1,1,59.33
2669,0,0,47.9
2670,0,0,30.61
2671,0,0,46.66
2672,1,0,66.22
2673,1,0,51.79
2674,0,0,43.92
2675,1,1,3.14
2676,1,1,35.93
2677,1,1,35.99
2678,0,0,44.59
2679,0,0,35.99
2680,0,0,27.6
2681,0,1,25.93
2682,0,0,53.73
2683,1,1,59.96
2684,1,0,76.95
2685,0,0,58.34
2686,1,1,44.89
2687,1,1,30.26
2688,0,0,59.31
2689,1,1,40.81
2690,1,1,32.22
2691,0,0,51.51
2692,0,0,46.79
2693,1,0,46.38
2694,0,1,55.74
2695,0,0,55.42
2696,0,0,57.09
2697,1,0,27.82
2698,1,1,48.68
2699,1,1,46.78
2700,0,0,66.12
2701,1,1,31.91
2702,1,0,33.64
2703,0,0,61.21
2704,0,0,62.35
2705,0,0,58.36
2706,0,0,56.78
2707,1,1,37.1
2708,1,1,43.61
2709,0,0,59.19
2710,0,1,51.86
2711,0,1,25.54
2712,0,1,47.25
2713,1,1,29.27
2714,0,0,56.0
2715,0,1,35.22
2716,1,1,35.43
2717,1,1,24.47
2718,0,1,42.6
2719,1,0,50.21
2720,0,1,55.93
2721,1,1,24.88
2722,0,1,39.47
2723,1,1,15.72
2724,1,1,27.75
2725,1,0,59.31
2726,0,1,19.86
2727,1,1,33.52
2728,0,0,66.69
2729,0,0,39.79
2730,1,0,57.41
2731,1,0,53.01
2732,0,1,37.12
2733,1,1,38.21
2734,0,0,65.26
2735,0,0,57.54
2736,1,0,50.75
2737,0,0,34.85
2738,0,0,43.0
2739,0,0,42.89
2740,0,0,44.78
2741,1,1,46.79
2742,0,1,42.76
2743,0,0,25.19
2744,1,0,49.78
2745,0,0,48.29
2746,1,0,54.99
2747,1,0,70.87
2748,0,0,58.31
2749,1,1,20.66
2750,1,0,59.01
2751,1,1,24.36
2752,1,1,29.15
2753,1,1,28.06
2754,1,0,66.44
2755,1,1,45.27
2756,0,0,48.7
2757,1,1,28.33
2758,1,1,33.82
2759,1,1,39.66
2760,1,1,17.38
2761,1,0,79.39
2762,1,1,51.49
2763,0,0,60.56
2764,0,1,8.71
2765,1,1,48.32
2766,1,1,41.1
2767,0,1,26.81
2768,0,1,23.99
2769,0,0,48.25
2770,0,0,51.77
2771,1,1,31.91
2772,0,0,24.9
2773,1,0,56.0
2774,1,1,35.37
2775,0,0,70.07
2776,0,0,37.49
2777,0,0,36.37
2778,1,0,57.91
2779,1,1,40.62
2780,1,0,48.7
2781,0,0,52.73
2782,0,0,56.95
2783,1,0,57.27
2784,1,1,40.74
2785,0,1,43.05
2786,1,0,51.79
2787,1,0,47.21
2788,0,0,73.76
2789,1,1,44.15
2790,0,1,38.93
2791,1,0,51.58
2792,0,0,58.67
2793,1,1,9.75
2794,1,1,40.03
2795,0,0,50.51
2796,1,0,39.62
2797,1,0,50.12
2798,0,1,57.21
2799,0,0,53.94
2800,0,1,42.91
2801,0,1,42.85
2802,1,1,38.69
2803,1,0,66.12
2804,1,0,55.21
2805,1,0,46.48
2806,0,0,65.7
2807,0,0,58.07
2808,0,0,44.2
2809,0,0,31.24
2810,0,1,47.61
2811,1,1,53.03
2812,0,0,39.66
2813,1,0,44.99
2814,0,0,44.97
2815,1,1,45.64
2816,1,1,48.17
2817,1,1,59.39
2818,1,1,43.94
2819,1,1,50.83
2820,0,1,23.56
2821,1,1,54.09
2822,1,0,51.48
2823,1,0,43.53
2824,1,1,32.43
2825,0,0,48.37
2826,0,0,77.81
2827,1,0,44.6
2828,1,1,37.48
2829,1,1,12.21
2830,1,1,40.41
2831,1,1,29.88
2832,1,1,30.22
2833,0,0,76.99
2834,0,0,50.49
2835,0,0,45.96
2836,1,0,81.47
2837,1,1,27.94
2838,0,0,36.23
2839,0,0,71.06
2840,1,1,21.8
2841,1,1,45.43
2842,0,0,65.65
2843,0,0,38.94
2844,0,0,62.34
2845,1,0,59.44
2846,1,1,47.05
2847,0,0,47.01
2848,0,0,41.07
2849,0,0,51.18
2850,1,0,56.19
2851,1,0,49.09
2852,0,0,49.68
2853,1,1,40.01
2854,0,1,27.24
2855,0,0,40.92
2856,1,0,51.73
2857,1,1,51.52
2858,1,1,38.6
2859,1,0,54.03
2860,0,0,68.1
2861,0,0,50.03
2862,0,0,51.14
2863,1,1,27.2
2864,0,0,68.36
2865,0,0,56.87
2866,0,0,67.12
2867,0,1,19.47
2868,0,1,43.85
2869,0,1,25.07
2870,0,0,40.31
2871,0,0,46.83
2872,0,0,67.7
2873,0,0,48.74
2874,1,1,45.34
2875,1,1,25.48
2876,0,1,22.59
2877,1,0,67.84
2878,0,1,39.8
2879,1,0,59.27
2880,1,1,8.31
2881,0,1,40.96
2882,0,0,37.92
2883,0,1,36.85
2884,1,1,14.69
2885,1,1,39.18
2886,1,0,50.57
2887,1,1,44.75
2888,1,1,16.92
2889,1,1,18.96
2890,0,0,44.04
2891,0,1,28.1
2892,0,1,26.88
2893,0,0,57.42
2894,1,0,38.82
2895,1,1,45.94
2896,1,0,53.03
2897,1,1,55.02
2898,0,1,36.5
2899,0,0,57.3
2900,1,1,49.17
2901,0,0,50.38
2902,0,1,48.23
2903,0,0,49.16
2904,0,0,50.32
2905,0,0,60.07
2906,0,1,50.46
2907,1,0,53.16
2908,0,0,63.43
2909,0,0,62.51
2910,1,1,53.56
2911,0,0,67.96
2912,1,0,43.07
2913,1,1,43.98
2914,0,1,34.96
2915,0,1,44.94
2916,1,1,60.25
2917,1,1,28.43
2918,0,0,72.05
2919,0,1,29.53
2920,0,0,33.45
2921,1,0,51.76
2922,1,0,53.98
2923,0,1,42.86
2924,0,0,56.15
2925,0,0,53.59
2926,1,0,73.13
2927,0,1,30.21
2928,1,0,59.2
2929,0,0,60.1
2930,1,1,14.02
2931,1,0,44.58
2932,1,1,46.9
2933,0,0,35.4
2934,1,0,62.72
2935,1,0,35.98
2936,1,1,43.97
2937,1,1,28.05
2938,1,1,43.52
2939,0,1,-1.5
2940,0,0,52.35
2941,1,0,63.67
2942,0,1,52.17
2943,0,1,22.99
2944,1,1,45.94
2945,1,1,50.19
2946,1,1,42.94
2947,0,0,54.4
2948,1,1,25.65
2949,1,0,51.85
2950,1,0,62.48
2951,0,0,23.83
2952,1,1,43.7
2953,0,0,42.44
2954,0,0,55.87
2955,1,1,48.56
2956,0,1,29.0
2957,0,1,34.84
2958,0,0,57.05
2959,0,0,58.0
2960,1,1,30.72
2961,1,1,52.64
2962,0,1,32.69
2963,0,0,53.01
2964,0,0,38.77
2965,1,1,56.02
2966,0,1,51.78
2967,0,1,26.81
2968,1,1,59.0
2969,0,0,36.13
2970,1,1,20.99
2971,1,0,57.97
2972,0,0,33.95
2973,0,1,48.66
2974,0,1,29.71
2975,1,1,52.24
2976,1,0,62.32
2977,0,1,43.5
2978,1,0,49.45
2979,0,1,26.74
2980,1,0,81.24
2981,0,0,54.24
2982,0,1,50.09
2983,0,1,25.71
2984,0,0,45.41
2985,0,0,48.75
2986,1,1,22.99
2987,0,0,58.86
2988,1,1,47.39
2989,1,1,33.12
2990,0,0,55.3
2991,1,0,37.75
2992,0,0,55.1
2993,1,1,33.65
2994,1,0,56.34
2995,1,0,47.03
2996,1,1,45.73
2997,1,1,54.96
2998,1,1,17.63
2999,0,0,41.41
3000,0,1,33.5
