store_id,month,treated,post,revenue
1,1,1,0,49.29
1,2,1,0,48.9
1,3,1,0,45.52
1,4,1,0,49.35
1,5,1,0,48.31
1,6,1,0,48.62
1,7,1,0,46.21
1,8,1,0,48.56
1,9,1,0,49.51
1,10,1,0,50.26
1,11,1,0,49.81
1,12,1,0,50.6
1,13,1,1,54.89
1,14,1,1,54.78
1,15,1,1,56.17
1,16,1,1,57.11
1,17,1,1,55.13
1,18,1,1,53.16
1,19,1,1,55.06
1,20,1,1,57.56
1,21,1,1,58.77
1,22,1,1,54.06
1,23,1,1,58.76
1,24,1,1,57.63
2,1,1,0,52.28
2,2,1,0,52.04
2,3,1,0,54.73
2,4,1,0,51.63
2,5,1,0,53.97
2,6,1,0,53.63
2,7,1,0,55.33
2,8,1,0,54.41
2,9,1,0,53.22
2,10,1,0,56.92
2,11,1,0,57.4
2,12,1,0,55.67
2,13,1,1,59.95
2,14,1,1,60.47
2,15,1,1,62.21
2,16,1,1,64.12
2,17,1,1,61.1
2,18,1,1,61.15
2,19,1,1,61.12
2,20,1,1,60.78
2,21,1,1,61.62
2,22,1,1,62.27
2,23,1,1,58.7
2,24,1,1,65.5
3,1,1,0,51.6
3,2,1,0,54.41
3,3,1,0,53.62
3,4,1,0,51.88
3,5,1,0,56.84
3,6,1,0,52.49
3,7,1,0,55.48
3,8,1,0,55.19
3,9,1,0,53.74
3,10,1,0,53.48
3,11,1,0,57.18
3,12,1,0,57.08
3,13,1,1,63.53
3,14,1,1,59.27
3,15,1,1,61.23
3,16,1,1,59.07
3,17,1,1,61.27
3,18,1,1,60.31
3,19,1,1,65.23
3,20,1,1,64.05
3,21,1,1,64.46
3,22,1,1,63.44
3,23,1,1,65.29
3,24,1,1,63.73
4,1,1,0,47.59
4,2,1,0,50.39
4,3,1,0,53.95
4,4,1,0,54.08
4,5,1,0,47.86
4,6,1,0,52.53
4,7,1,0,54.84
4,8,1,0,50.72
4,9,1,0,49.67
4,10,1,0,52.95
4,11,1,0,53.94
4,12,1,0,50.69
4,13,1,1,55.23
4,14,1,1,56.67
4,15,1,1,56.89
4,16,1,1,58.93
4,17,1,1,61.98
4,18,1,1,57.94
4,19,1,1,59.26
4,20,1,1,62.31
4,21,1,1,59.97
4,22,1,1,57.16
4,23,1,1,56.17
4,24,1,1,60.47
5,1,1,0,45.75
5,2,1,0,45.84
5,3,1,0,47.52
5,4,1,0,42.8
5,5,1,0,45.88
5,6,1,0,47.94
5,7,1,0,46.9
5,8,1,0,46.55
5,9,1,0,46.0
5,10,1,0,47.44
5,11,1,0,48.38
5,12,1,0,50.96
5,13,1,1,53.23
5,14,1,1,51.42
5,15,1,1,60.85
5,16,1,1,55.1
5,17,1,1,51.91
5,18,1,1,54.77
5,19,1,1,53.87
5,20,1,1,57.09
5,21,1,1,56.42
5,22,1,1,54.77
5,23,1,1,54.43
5,24,1,1,55.65
6,1,1,0,55.46
6,2,1,0,56.05
6,3,1,0,56.22
6,4,1,0,59.57
6,5,1,0,55.77
6,6,1,0,54.8
6,7,1,0,56.56
6,8,1,0,51.79
6,9,1,0,59.16
6,10,1,0,57.79
6,11,1,0,61.61
6,12,1,0,59.61
6,13,1,1,64.42
6,14,1,1,63.69
6,15,1,1,67.13
6,16,1,1,66.66
6,17,1,1,63.55
6,18,1,1,65.42
6,19,1,1,66.05
6,20,1,1,63.83
6,21,1,1,66.12
6,22,1,1,65.31
6,23,1,1,66.63
6,24,1,1,65.82
7,1,1,0,46.01
7,2,1,0,46.86
7,3,1,0,46.6
7,4,1,0,50.9
7,5,1,0,47.81
7,6,1,0,51.97
7,7,1,0,49.63
7,8,1,0,51.57
7,9,1,0,49.66
7,10,1,0,51.31
7,11,1,0,52.79
7,12,1,0,54.08
7,13,1,1,53.92
7,14,1,1,52.92
7,15,1,1,58.38
7,16,1,1,56.14
7,17,1,1,55.72
7,18,1,1,57.56
7,19,1,1,59.1
7,20,1,1,55.11
7,21,1,1,59.82
7,22,1,1,56.33
7,23,1,1,59.25
7,24,1,1,59.69
8,1,1,0,49.14
8,2,1,0,46.56
8,3,1,0,49.03
8,4,1,0,47.49
8,5,1,0,44.8
8,6,1,0,48.5
8,7,1,0,47.61
8,8,1,0,45.87
8,9,1,0,49.05
8,10,1,0,46.34
8,11,1,0,48.79
8,12,1,0,52.46
8,13,1,1,54.42
8,14,1,1,51.57
8,15,1,1,56.33
8,16,1,1,53.01
8,17,1,1,52.34
8,18,1,1,56.89
8,19,1,1,56.44
8,20,1,1,55.23
8,21,1,1,50.27
8,22,1,1,51.07
8,23,1,1,58.89
8,24,1,1,52.34
9,1,1,0,51.23
9,2,1,0,50.97
9,3,1,0,54.86
9,4,1,0,49.71
9,5,1,0,56.2
9,6,1,0,53.6
9,7,1,0,54.04
9,8,1,0,52.68
9,9,1,0,53.35
9,10,1,0,57.87
9,11,1,0,55.7
9,12,1,0,52.68
9,13,1,1,62.08
9,14,1,1,61.36
9,15,1,1,60.53
9,16,1,1,59.6
9,17,1,1,60.32
9,18,1,1,58.6
9,19,1,1,64.68
9,20,1,1,64.39
9,21,1,1,60.59
9,22,1,1,64.58
9,23,1,1,58.69
9,24,1,1,61.67
10,1,1,0,42.0
10,2,1,0,45.36
10,3,1,0,45.7
10,4,1,0,47.67
10,5,1,0,46.72
10,6,1,0,49.02
10,7,1,0,44.49
10,8,1,0,48.15
10,9,1,0,43.3
10,10,1,0,50.52
10,11,1,0,48.18
10,12,1,0,47.43
10,13,1,1,54.6
10,14,1,1,50.93
10,15,1,1,55.06
10,16,1,1,51.9
10,17,1,1,55.04
10,18,1,1,52.49
10,19,1,1,50.38
10,20,1,1,54.96
10,21,1,1,53.05
10,22,1,1,52.67
10,23,1,1,55.19
10,24,1,1,56.01
11,1,1,0,46.52
11,2,1,0,47.38
11,3,1,0,48.77
11,4,1,0,48.61
11,5,1,0,49.37
11,6,1,0,52.83
11,7,1,0,49.21
11,8,1,0,47.74
11,9,1,0,51.75
11,10,1,0,50.54
11,11,1,0,49.67
11,12,1,0,49.8
11,13,1,1,56.17
11,14,1,1,55.02
11,15,1,1,55.48
11,16,1,1,54.19
11,17,1,1,55.92
11,18,1,1,57.27
11,19,1,1,57.38
11,20,1,1,56.92
11,21,1,1,53.32
11,22,1,1,56.51
11,23,1,1,56.01
11,24,1,1,59.19
12,1,1,0,49.74
12,2,1,0,52.56
12,3,1,0,49.23
12,4,1,0,52.2
12,5,1,0,53.5
12,6,1,0,53.3
12,7,1,0,54.84
12,8,1,0,51.38
12,9,1,0,51.68
12,10,1,0,52.79
12,11,1,0,53.55
12,12,1,0,54.62
12,13,1,1,59.07
12,14,1,1,59.69
12,15,1,1,61.97
12,16,1,1,57.68
12,17,1,1,61.37
12,18,1,1,59.03
12,19,1,1,62.12
12,20,1,1,60.47
12,21,1,1,61.62
12,22,1,1,60.45
12,23,1,1,59.12
12,24,1,1,59.09
13,1,1,0,49.76
13,2,1,0,49.57
13,3,1,0,53.2
13,4,1,0,52.54
13,5,1,0,48.25
13,6,1,0,51.04
13,7,1,0,52.16
13,8,1,0,52.48
13,9,1,0,49.04
13,10,1,0,49.69
13,11,1,0,54.22
13,12,1,0,53.28
13,13,1,1,59.9
13,14,1,1,58.47
13,15,1,1,57.86
13,16,1,1,58.01
13,17,1,1,57.2
13,18,1,1,61.27
13,19,1,1,62.12
13,20,1,1,58.32
13,21,1,1,54.96
13,22,1,1,57.87
13,23,1,1,64.56
13,24,1,1,61.85
14,1,1,0,47.09
14,2,1,0,45.57
14,3,1,0,51.44
14,4,1,0,46.55
14,5,1,0,47.25
14,6,1,0,45.75
14,7,1,0,50.83
14,8,1,0,52.56
14,9,1,0,48.3
14,10,1,0,51.72
14,11,1,0,51.02
14,12,1,0,50.14
14,13,1,1,54.79
14,14,1,1,59.52
14,15,1,1,55.73
14,16,1,1,58.27
14,17,1,1,54.51
14,18,1,1,54.59
14,19,1,1,56.14
14,20,1,1,56.61
14,21,1,1,55.13
14,22,1,1,56.78
14,23,1,1,57.9
14,24,1,1,57.82
15,1,1,0,47.25
15,2,1,0,45.38
15,3,1,0,53.48
15,4,1,0,46.04
15,5,1,0,48.57
15,6,1,0,48.56
15,7,1,0,46.1
15,8,1,0,48.43
15,9,1,0,43.69
15,10,1,0,48.83
15,11,1,0,50.0
15,12,1,0,51.77
15,13,1,1,56.37
15,14,1,1,55.47
15,15,1,1,51.9
15,16,1,1,54.37
15,17,1,1,52.73
15,18,1,1,57.59
15,19,1,1,56.08
15,20,1,1,53.7
15,21,1,1,58.88
15,22,1,1,55.58
15,23,1,1,53.18
15,24,1,1,59.48
16,1,1,0,52.34
16,2,1,0,55.2
16,3,1,0,47.85
16,4,1,0,49.45
16,5,1,0,49.76
16,6,1,0,52.24
16,7,1,0,54.3
16,8,1,0,50.83
16,9,1,0,54.94
16,10,1,0,54.71
16,11,1,0,55.5
16,12,1,0,54.04
16,13,1,1,61.07
16,14,1,1,58.18
16,15,1,1,63.33
16,16,1,1,62.59
16,17,1,1,58.42
16,18,1,1,58.55
16,19,1,1,61.08
16,20,1,1,60.59
16,21,1,1,64.3
16,22,1,1,58.82
16,23,1,1,61.2
16,24,1,1,64.25
17,1,1,0,50.82
17,2,1,0,49.25
17,3,1,0,49.49
17,4,1,0,52.03
17,5,1,0,51.8
17,6,1,0,51.46
17,7,1,0,53.2
17,8,1,0,54.69
17,9,1,0,50.16
17,10,1,0,55.27
17,11,1,0,53.08
17,12,1,0,51.31
17,13,1,1,60.59
17,14,1,1,56.56
17,15,1,1,57.47
17,16,1,1,61.78
17,17,1,1,58.38
17,18,1,1,62.01
17,19,1,1,60.2
17,20,1,1,60.82
17,21,1,1,61.66
17,22,1,1,58.42
17,23,1,1,62.5
17,24,1,1,61.86
18,1,1,0,55.48
18,2,1,0,59.12
18,3,1,0,58.93
18,4,1,0,60.18
18,5,1,0,53.77
18,6,1,0,52.96
18,7,1,0,55.13
18,8,1,0,59.48
18,9,1,0,56.29
18,10,1,0,56.93
18,11,1,0,57.19
18,12,1,0,56.91
18,13,1,1,64.22
18,14,1,1,61.93
18,15,1,1,65.35
18,16,1,1,64.82
18,17,1,1,63.9
18,18,1,1,61.69
18,19,1,1,62.59
18,20,1,1,64.34
18,21,1,1,69.04
18,22,1,1,63.2
18,23,1,1,62.77
18,24,1,1,65.32
19,1,1,0,49.77
19,2,1,0,51.82
19,3,1,0,53.58
19,4,1,0,48.97
19,5,1,0,52.4
19,6,1,0,53.17
19,7,1,0,53.62
19,8,1,0,52.85
19,9,1,0,51.47
19,10,1,0,54.2
19,11,1,0,53.13
19,12,1,0,55.13
19,13,1,1,56.04
19,14,1,1,58.35
19,15,1,1,55.82
19,16,1,1,57.09
19,17,1,1,63.36
19,18,1,1,62.97
19,19,1,1,60.22
19,20,1,1,57.6
19,21,1,1,58.89
19,22,1,1,63.79
19,23,1,1,63.61
19,24,1,1,60.05
20,1,1,0,51.35
20,2,1,0,49.89
20,3,1,0,48.58
20,4,1,0,50.95
20,5,1,0,53.13
20,6,1,0,52.22
20,7,1,0,53.68
20,8,1,0,52.69
20,9,1,0,52.17
20,10,1,0,54.91
20,11,1,0,55.76
20,12,1,0,52.44
20,13,1,1,56.96
20,14,1,1,55.42
20,15,1,1,55.98
20,16,1,1,56.8
20,17,1,1,58.26
20,18,1,1,61.73
20,19,1,1,59.19
20,20,1,1,58.17
20,21,1,1,58.83
20,22,1,1,54.32
20,23,1,1,60.04
20,24,1,1,57.06
21,1,1,0,46.2
21,2,1,0,49.9
21,3,1,0,53.11
21,4,1,0,50.88
21,5,1,0,51.97
21,6,1,0,53.03
21,7,1,0,51.12
21,8,1,0,54.62
21,9,1,0,50.89
21,10,1,0,55.27
21,11,1,0,50.78
21,12,1,0,53.81
21,13,1,1,58.32
21,14,1,1,58.09
21,15,1,1,59.55
21,16,1,1,57.35
21,17,1,1,62.12
21,18,1,1,56.52
21,19,1,1,64.29
21,20,1,1,57.77
21,21,1,1,59.89
21,22,1,1,56.95
21,23,1,1,60.26
21,24,1,1,59.58
22,1,1,0,49.81
22,2,1,0,48.24
22,3,1,0,49.45
22,4,1,0,48.7
22,5,1,0,49.71
22,6,1,0,50.69
22,7,1,0,52.0
22,8,1,0,50.55
22,9,1,0,51.26
22,10,1,0,50.24
22,11,1,0,51.38
22,12,1,0,48.22
22,13,1,1,55.73
22,14,1,1,56.06
22,15,1,1,54.29
22,16,1,1,56.0
22,17,1,1,57.71
22,18,1,1,56.41
22,19,1,1,57.55
22,20,1,1,56.34
22,21,1,1,56.35
22,22,1,1,58.69
22,23,1,1,60.0
22,24,1,1,55.67
23,1,1,0,53.91
23,2,1,0,51.79
23,3,1,0,52.14
23,4,1,0,49.86
23,5,1,0,51.03
23,6,1,0,51.48
23,7,1,0,49.62
23,8,1,0,51.31
23,9,1,0,54.27
23,10,1,0,53.97
23,11,1,0,55.51
23,12,1,0,53.37
23,13,1,1,53.47
23,14,1,1,59.43
23,15,1,1,56.86
23,16,1,1,59.74
23,17,1,1,57.42
23,18,1,1,58.97
23,19,1,1,64.73
23,20,1,1,59.75
23,21,1,1,60.38
23,22,1,1,61.83
23,23,1,1,61.82
23,24,1,1,58.01
24,1,1,0,46.21
24,2,1,0,44.16
24,3,1,0,42.28
24,4,1,0,42.68
24,5,1,0,47.27
24,6,1,0,41.02
24,7,1,0,36.94
24,8,1,0,41.96
24,9,1,0,44.75
24,10,1,0,42.03
24,11,1,0,49.84
24,12,1,0,46.72
24,13,1,1,48.47
24,14,1,1,50.23
24,15,1,1,51.01
24,16,1,1,52.9
24,17,1,1,49.67
24,18,1,1,52.74
24,19,1,1,51.53
24,20,1,1,50.63
24,21,1,1,50.91
24,22,1,1,49.56
24,23,1,1,53.25
24,24,1,1,48.41
25,1,1,0,53.89
25,2,1,0,53.57
25,3,1,0,55.26
25,4,1,0,52.67
25,5,1,0,55.46
25,6,1,0,55.91
25,7,1,0,53.67
25,8,1,0,54.99
25,9,1,0,53.43
25,10,1,0,56.98
25,11,1,0,57.17
25,12,1,0,57.5
25,13,1,1,60.23
25,14,1,1,61.07
25,15,1,1,62.61
25,16,1,1,63.34
25,17,1,1,61.79
25,18,1,1,59.03
25,19,1,1,59.47
25,20,1,1,60.61
25,21,1,1,62.34
25,22,1,1,59.39
25,23,1,1,65.91
25,24,1,1,59.88
26,1,1,0,44.58
26,2,1,0,48.88
26,3,1,0,43.96
26,4,1,0,51.14
26,5,1,0,43.35
26,6,1,0,44.71
26,7,1,0,50.63
26,8,1,0,49.95
26,9,1,0,50.63
26,10,1,0,50.33
26,11,1,0,47.77
26,12,1,0,50.89
26,13,1,1,53.51
26,14,1,1,55.04
26,15,1,1,54.31
26,16,1,1,58.38
26,17,1,1,54.68
26,18,1,1,56.74
26,19,1,1,54.57
26,20,1,1,55.13
26,21,1,1,56.13
26,22,1,1,54.5
26,23,1,1,58.98
26,24,1,1,55.77
27,1,1,0,44.96
27,2,1,0,46.42
27,3,1,0,48.02
27,4,1,0,45.74
27,5,1,0,45.27
27,6,1,0,49.26
27,7,1,0,45.9
27,8,1,0,46.06
27,9,1,0,47.37
27,10,1,0,44.49
27,11,1,0,50.3
27,12,1,0,49.93
27,13,1,1,52.38
27,14,1,1,51.01
27,15,1,1,55.13
27,16,1,1,51.63
27,17,1,1,53.64
27,18,1,1,50.37
27,19,1,1,52.02
27,20,1,1,54.71
27,21,1,1,53.93
27,22,1,1,56.37
27,23,1,1,54.19
27,24,1,1,53.88
28,1,1,0,50.29
28,2,1,0,49.76
28,3,1,0,48.52
28,4,1,0,52.23
28,5,1,0,53.15
28,6,1,0,49.36
28,7,1,0,53.58
28,8,1,0,50.9
28,9,1,0,50.44
28,10,1,0,52.97
28,11,1,0,52.84
28,12,1,0,52.39
28,13,1,1,57.47
28,14,1,1,55.97
28,15,1,1,60.72
28,16,1,1,59.27
28,17,1,1,57.37
28,18,1,1,54.6
28,19,1,1,58.24
28,20,1,1,58.05
28,21,1,1,57.4
28,22,1,1,60.79
28,23,1,1,58.1
28,24,1,1,59.49
29,1,1,0,51.52
29,2,1,0,47.89
29,3,1,0,52.37
29,4,1,0,46.1
29,5,1,0,51.07
29,6,1,0,52.14
29,7,1,0,52.27
29,8,1,0,48.99
29,9,1,0,50.76
29,10,1,0,52.17
29,11,1,0,52.7
29,12,1,0,51.84
29,13,1,1,54.22
29,14,1,1,59.82
29,15,1,1,58.39
29,16,1,1,57.1
29,17,1,1,54.02
29,18,1,1,57.84
29,19,1,1,61.51
29,20,1,1,59.53
29,21,1,1,52.33
29,22,1,1,64.29
29,23,1,1,59.49
29,24,1,1,61.29
30,1,1,0,47.7
30,2,1,0,45.65
30,3,1,0,48.24
30,4,1,0,44.81
30,5,1,0,49.31
30,6,1,0,49.33
30,7,1,0,47.65
30,8,1,0,56.03
30,9,1,0,50.39
30,10,1,0,48.58
30,11,1,0,53.61
30,12,1,0,54.05
30,13,1,1,52.75
30,14,1,1,56.52
30,15,1,1,54.53
30,16,1,1,54.26
30,17,1,1,54.87
30,18,1,1,58.58
30,19,1,1,57.51
30,20,1,1,58.04
30,21,1,1,57.5
30,22,1,1,57.71
30,23,1,1,57.71
30,24,1,1,57.23
31,1,1,0,43.66
31,2,1,0,48.07
31,3,1,0,46.63
31,4,1,0,48.96
31,5,1,0,46.13
31,6,1,0,47.18
31,7,1,0,46.04
31,8,1,0,51.74
31,9,1,0,50.4
31,10,1,0,50.04
31,11,1,0,49.69
31,12,1,0,48.4
31,13,1,1,54.34
31,14,1,1,52.06
31,15,1,1,54.46
31,16,1,1,51.92
31,17,1,1,54.28
31,18,1,1,55.57
31,19,1,1,55.15
31,20,1,1,55.19
31,21,1,1,50.02
31,22,1,1,57.08
31,23,1,1,50.07
31,24,1,1,52.62
32,1,1,0,50.6
32,2,1,0,50.93
32,3,1,0,53.55
32,4,1,0,50.57
32,5,1,0,48.89
32,6,1,0,50.73
32,7,1,0,47.99
32,8,1,0,47.49
32,9,1,0,47.5
32,10,1,0,51.58
32,11,1,0,48.79
32,12,1,0,48.76
32,13,1,1,59.76
32,14,1,1,53.71
32,15,1,1,56.86
32,16,1,1,50.75
32,17,1,1,56.31
32,18,1,1,56.05
32,19,1,1,54.15
32,20,1,1,61.03
32,21,1,1,57.65
32,22,1,1,57.97
32,23,1,1,60.66
32,24,1,1,57.86
33,1,1,0,49.23
33,2,1,0,50.76
33,3,1,0,53.74
33,4,1,0,54.88
33,5,1,0,54.34
33,6,1,0,54.69
33,7,1,0,54.8
33,8,1,0,54.22
33,9,1,0,56.39
33,10,1,0,58.42
33,11,1,0,54.26
33,12,1,0,51.0
33,13,1,1,64.14
33,14,1,1,59.31
33,15,1,1,62.73
33,16,1,1,64.0
33,17,1,1,60.87
33,18,1,1,61.2
33,19,1,1,59.43
33,20,1,1,58.07
33,21,1,1,62.58
33,22,1,1,63.04
33,23,1,1,60.92
33,24,1,1,63.68
34,1,1,0,49.98
34,2,1,0,46.8
34,3,1,0,45.45
34,4,1,0,49.66
34,5,1,0,46.57
34,6,1,0,47.48
34,7,1,0,46.69
34,8,1,0,50.28
34,9,1,0,51.27
34,10,1,0,52.41
34,11,1,0,50.33
34,12,1,0,47.66
34,13,1,1,59.32
34,14,1,1,53.8
34,15,1,1,59.68
34,16,1,1,53.98
34,17,1,1,56.21
34,18,1,1,53.54
34,19,1,1,56.91
34,20,1,1,55.08
34,21,1,1,60.03
34,22,1,1,55.98
34,23,1,1,56.93
34,24,1,1,56.48
35,1,1,0,53.49
35,2,1,0,55.35
35,3,1,0,55.25
35,4,1,0,54.53
35,5,1,0,54.71
35,6,1,0,53.7
35,7,1,0,51.61
35,8,1,0,56.32
35,9,1,0,56.99
35,10,1,0,58.02
35,11,1,0,54.07
35,12,1,0,60.0
35,13,1,1,59.24
35,14,1,1,58.19
35,15,1,1,61.36
35,16,1,1,60.91
35,17,1,1,63.17
35,18,1,1,61.87
35,19,1,1,61.5
35,20,1,1,64.86
35,21,1,1,62.13
35,22,1,1,62.25
35,23,1,1,65.14
35,24,1,1,63.43
36,1,1,0,51.63
36,2,1,0,52.82
36,3,1,0,53.29
36,4,1,0,53.99
36,5,1,0,51.37
36,6,1,0,54.33
36,7,1,0,51.41
36,8,1,0,55.71
36,9,1,0,56.8
36,10,1,0,52.38
36,11,1,0,53.15
36,12,1,0,55.16
36,13,1,1,59.11
36,14,1,1,59.74
36,15,1,1,61.56
36,16,1,1,62.28
36,17,1,1,57.1
36,18,1,1,60.24
36,19,1,1,56.12
36,20,1,1,59.28
36,21,1,1,63.37
36,22,1,1,58.55
36,23,1,1,62.16
36,24,1,1,61.48
37,1,1,0,51.82
37,2,1,0,52.08
37,3,1,0,53.22
37,4,1,0,52.83
37,5,1,0,53.28
37,6,1,0,50.92
37,7,1,0,55.35
37,8,1,0,52.97
37,9,1,0,51.44
37,10,1,0,52.28
37,11,1,0,53.69
37,12,1,0,57.37
37,13,1,1,62.19
37,14,1,1,61.66
37,15,1,1,57.47
37,16,1,1,60.71
37,17,1,1,62.44
37,18,1,1,62.47
37,19,1,1,59.43
37,20,1,1,60.18
37,21,1,1,63.55
37,22,1,1,57.84
37,23,1,1,64.73
37,24,1,1,61.77
38,1,1,0,46.8
38,2,1,0,48.23
38,3,1,0,47.95
38,4,1,0,46.92
38,5,1,0,49.31
38,6,1,0,50.06
38,7,1,0,47.16
38,8,1,0,49.5
38,9,1,0,50.1
38,10,1,0,52.63
38,11,1,0,48.71
38,12,1,0,49.58
38,13,1,1,55.03
38,14,1,1,59.24
38,15,1,1,54.09
38,16,1,1,59.14
38,17,1,1,54.09
38,18,1,1,58.4
38,19,1,1,57.39
38,20,1,1,56.5
38,21,1,1,56.58
38,22,1,1,57.22
38,23,1,1,57.37
38,24,1,1,58.46
39,1,1,0,47.79
39,2,1,0,49.9
39,3,1,0,52.44
39,4,1,0,49.55
39,5,1,0,49.72
39,6,1,0,48.66
39,7,1,0,50.53
39,8,1,0,51.92
39,9,1,0,49.39
39,10,1,0,49.18
39,11,1,0,55.36
39,12,1,0,51.66
39,13,1,1,52.65
39,14,1,1,53.81
39,15,1,1,57.54
39,16,1,1,58.82
39,17,1,1,54.94
39,18,1,1,57.01
39,19,1,1,54.3
39,20,1,1,58.12
39,21,1,1,57.72
39,22,1,1,55.09
39,23,1,1,58.47
39,24,1,1,58.89
40,1,1,0,50.17
40,2,1,0,47.81
40,3,1,0,47.33
40,4,1,0,50.87
40,5,1,0,50.24
40,6,1,0,51.63
40,7,1,0,52.02
40,8,1,0,52.1
40,9,1,0,55.58
40,10,1,0,54.84
40,11,1,0,54.01
40,12,1,0,55.37
40,13,1,1,56.69
40,14,1,1,60.48
40,15,1,1,58.76
40,16,1,1,58.58
40,17,1,1,59.88
40,18,1,1,60.93
40,19,1,1,57.22
40,20,1,1,63.6
40,21,1,1,61.21
40,22,1,1,57.22
40,23,1,1,59.95
40,24,1,1,60.21
41,1,1,0,45.7
41,2,1,0,44.17
41,3,1,0,48.52
41,4,1,0,47.03
41,5,1,0,47.34
41,6,1,0,43.02
41,7,1,0,47.11
41,8,1,0,43.93
41,9,1,0,55.68
41,10,1,0,47.82
41,11,1,0,48.65
41,12,1,0,47.29
41,13,1,1,54.16
41,14,1,1,56.91
41,15,1,1,56.04
41,16,1,1,56.12
41,17,1,1,53.81
41,18,1,1,57.34
41,19,1,1,60.21
41,20,1,1,60.22
41,21,1,1,54.26
41,22,1,1,57.71
41,23,1,1,57.96
41,24,1,1,60.11
42,1,1,0,51.5
42,2,1,0,54.58
42,3,1,0,50.81
42,4,1,0,54.78
42,5,1,0,54.48
42,6,1,0,52.79
42,7,1,0,54.59
42,8,1,0,53.66
42,9,1,0,53.99
42,10,1,0,54.48
42,11,1,0,55.81
42,12,1,0,54.21
42,13,1,1,60.59
42,14,1,1,60.04
42,15,1,1,58.53
42,16,1,1,62.27
42,17,1,1,59.64
42,18,1,1,62.45
42,19,1,1,61.19
42,20,1,1,61.74
42,21,1,1,62.61
42,22,1,1,61.45
42,23,1,1,63.94
42,24,1,1,60.54
43,1,1,0,46.02
43,2,1,0,47.59
43,3,1,0,48.98
43,4,1,0,50.38
43,5,1,0,50.72
43,6,1,0,51.4
43,7,1,0,49.2
43,8,1,0,53.6
43,9,1,0,49.95
43,10,1,0,52.4
43,11,1,0,50.88
43,12,1,0,43.73
43,13,1,1,53.19
43,14,1,1,58.9
43,15,1,1,56.85
43,16,1,1,57.09
43,17,1,1,59.21
43,18,1,1,56.54
43,19,1,1,57.52
43,20,1,1,58.56
43,21,1,1,57.7
43,22,1,1,58.73
43,23,1,1,56.5
43,24,1,1,63.33
44,1,1,0,48.57
44,2,1,0,52.04
44,3,1,0,51.18
44,4,1,0,49.78
44,5,1,0,56.15
44,6,1,0,54.17
44,7,1,0,51.08
44,8,1,0,53.81
44,9,1,0,51.97
44,10,1,0,54.14
44,11,1,0,53.49
44,12,1,0,59.34
44,13,1,1,58.38
44,14,1,1,59.33
44,15,1,1,62.37
44,16,1,1,61.39
44,17,1,1,57.59
44,18,1,1,61.6
44,19,1,1,59.97
44,20,1,1,59.58
44,21,1,1,58.47
44,22,1,1,62.14
44,23,1,1,57.26
44,24,1,1,62.94
45,1,1,0,48.65
45,2,1,0,44.06
45,3,1,0,44.81
45,4,1,0,50.59
45,5,1,0,46.78
45,6,1,0,48.12
45,7,1,0,50.03
45,8,1,0,50.43
45,9,1,0,47.54
45,10,1,0,47.78
45,11,1,0,47.95
45,12,1,0,48.28
45,13,1,1,52.97
45,14,1,1,54.98
45,15,1,1,52.64
45,16,1,1,52.65
45,17,1,1,53.33
45,18,1,1,53.44
45,19,1,1,59.95
45,20,1,1,51.76
45,21,1,1,57.11
45,22,1,1,52.7
45,23,1,1,55.88
45,24,1,1,52.89
46,1,1,0,51.21
46,2,1,0,52.17
46,3,1,0,53.54
46,4,1,0,52.96
46,5,1,0,54.21
46,6,1,0,56.05
46,7,1,0,53.9
46,8,1,0,55.75
46,9,1,0,52.0
46,10,1,0,57.24
46,11,1,0,56.71
46,12,1,0,59.14
46,13,1,1,62.32
46,14,1,1,59.9
46,15,1,1,62.51
46,16,1,1,58.83
46,17,1,1,58.03
46,18,1,1,61.78
46,19,1,1,63.55
46,20,1,1,63.87
46,21,1,1,61.36
46,22,1,1,64.4
46,23,1,1,63.09
46,24,1,1,62.56
47,1,1,0,49.35
47,2,1,0,55.02
47,3,1,0,49.62
47,4,1,0,49.85
47,5,1,0,51.48
47,6,1,0,53.13
47,7,1,0,50.83
47,8,1,0,53.11
47,9,1,0,53.36
47,10,1,0,50.91
47,11,1,0,55.82
47,12,1,0,51.19
47,13,1,1,60.13
47,14,1,1,57.14
47,15,1,1,63.58
47,16,1,1,60.73
47,17,1,1,63.64
47,18,1,1,62.66
47,19,1,1,56.38
47,20,1,1,57.76
47,21,1,1,60.42
47,22,1,1,59.37
47,23,1,1,64.77
47,24,1,1,60.78
48,1,1,0,49.48
48,2,1,0,47.4
48,3,1,0,50.61
48,4,1,0,48.11
48,5,1,0,51.0
48,6,1,0,48.16
48,7,1,0,54.98
48,8,1,0,52.16
48,9,1,0,51.92
48,10,1,0,52.18
48,11,1,0,50.83
48,12,1,0,49.61
48,13,1,1,53.99
48,14,1,1,56.66
48,15,1,1,54.3
48,16,1,1,59.54
48,17,1,1,57.51
48,18,1,1,60.56
48,19,1,1,56.97
48,20,1,1,57.82
48,21,1,1,57.76
48,22,1,1,59.77
48,23,1,1,58.06
48,24,1,1,56.09
49,1,1,0,51.07
49,2,1,0,47.55
49,3,1,0,47.61
49,4,1,0,47.5
49,5,1,0,51.83
49,6,1,0,47.5
49,7,1,0,52.03
49,8,1,0,54.56
49,9,1,0,51.18
49,10,1,0,49.95
49,11,1,0,53.68
49,12,1,0,52.2
49,13,1,1,54.55
49,14,1,1,56.94
49,15,1,1,56.44
49,16,1,1,53.78
49,17,1,1,56.38
49,18,1,1,60.92
49,19,1,1,60.27
49,20,1,1,58.98
49,21,1,1,59.67
49,22,1,1,59.09
49,23,1,1,59.05
49,24,1,1,56.1
50,1,1,0,50.26
50,2,1,0,48.14
50,3,1,0,51.55
50,4,1,0,48.55
50,5,1,0,53.14
50,6,1,0,48.54
50,7,1,0,51.34
50,8,1,0,52.55
50,9,1,0,49.06
50,10,1,0,51.29
50,11,1,0,53.55
50,12,1,0,53.82
50,13,1,1,56.91
50,14,1,1,56.19
50,15,1,1,55.93
50,16,1,1,59.03
50,17,1,1,57.8
50,18,1,1,63.84
50,19,1,1,63.86
50,20,1,1,58.89
50,21,1,1,58.71
50,22,1,1,60.5
50,23,1,1,61.55
50,24,1,1,63.13
51,1,0,0,47.01
51,2,0,0,53.55
51,3,0,0,51.24
51,4,0,0,50.34
51,5,0,0,50.23
51,6,0,0,49.19
51,7,0,0,54.26
51,8,0,0,49.77
51,9,0,0,52.69
51,10,0,0,54.85
51,11,0,0,52.25
51,12,0,0,52.33
51,13,0,1,52.79
51,14,0,1,57.04
51,15,0,1,51.66
51,16,0,1,54.33
51,17,0,1,57.05
51,18,0,1,55.13
51,19,0,1,49.86
51,20,0,1,54.23
51,21,0,1,54.66
51,22,0,1,59.46
51,23,0,1,55.46
51,24,0,1,53.95
52,1,0,0,52.07
52,2,0,0,53.9
52,3,0,0,52.19
52,4,0,0,54.17
52,5,0,0,50.72
52,6,0,0,53.2
52,7,0,0,52.5
52,8,0,0,53.27
52,9,0,0,55.85
52,10,0,0,53.59
52,11,0,0,53.33
52,12,0,0,57.95
52,13,0,1,55.79
52,14,0,1,55.74
52,15,0,1,52.62
52,16,0,1,55.38
52,17,0,1,55.02
52,18,0,1,56.17
52,19,0,1,55.93
52,20,0,1,55.37
52,21,0,1,53.62
52,22,0,1,55.95
52,23,0,1,53.87
52,24,0,1,59.64
53,1,0,0,48.93
53,2,0,0,51.8
53,3,0,0,49.39
53,4,0,0,50.81
53,5,0,0,46.09
53,6,0,0,48.54
53,7,0,0,50.92
53,8,0,0,52.19
53,9,0,0,52.77
53,10,0,0,55.25
53,11,0,0,53.46
53,12,0,0,48.87
53,13,0,1,50.29
53,14,0,1,54.76
53,15,0,1,52.48
53,16,0,1,55.83
53,17,0,1,52.49
53,18,0,1,52.07
53,19,0,1,52.97
53,20,0,1,52.12
53,21,0,1,53.95
53,22,0,1,58.35
53,23,0,1,51.15
53,24,0,1,57.54
54,1,0,0,52.8
54,2,0,0,52.65
54,3,0,0,52.75
54,4,0,0,53.67
54,5,0,0,55.65
54,6,0,0,53.89
54,7,0,0,56.13
54,8,0,0,53.79
54,9,0,0,58.11
54,10,0,0,56.92
54,11,0,0,54.39
54,12,0,0,53.82
54,13,0,1,57.76
54,14,0,1,61.14
54,15,0,1,52.32
54,16,0,1,58.76
54,17,0,1,56.33
54,18,0,1,58.04
54,19,0,1,57.19
54,20,0,1,54.68
54,21,0,1,58.85
54,22,0,1,60.95
54,23,0,1,58.77
54,24,0,1,60.3
55,1,0,0,47.53
55,2,0,0,45.14
55,3,0,0,47.12
55,4,0,0,50.66
55,5,0,0,51.19
55,6,0,0,53.72
55,7,0,0,47.93
55,8,0,0,48.93
55,9,0,0,48.51
55,10,0,0,52.18
55,11,0,0,46.88
55,12,0,0,50.57
55,13,0,1,52.63
55,14,0,1,50.68
55,15,0,1,52.92
55,16,0,1,53.41
55,17,0,1,54.38
55,18,0,1,52.84
55,19,0,1,52.55
55,20,0,1,51.8
55,21,0,1,51.69
55,22,0,1,52.4
55,23,0,1,51.43
55,24,0,1,52.45
56,1,0,0,54.86
56,2,0,0,57.5
56,3,0,0,56.43
56,4,0,0,59.52
56,5,0,0,58.49
56,6,0,0,58.14
56,7,0,0,59.82
56,8,0,0,56.1
56,9,0,0,54.22
56,10,0,0,59.44
56,11,0,0,57.97
56,12,0,0,58.88
56,13,0,1,61.2
56,14,0,1,58.65
56,15,0,1,59.86
56,16,0,1,58.71
56,17,0,1,60.04
56,18,0,1,56.57
56,19,0,1,58.25
56,20,0,1,58.87
56,21,0,1,59.38
56,22,0,1,66.1
56,23,0,1,61.69
56,24,0,1,65.97
57,1,0,0,49.32
57,2,0,0,45.56
57,3,0,0,49.76
57,4,0,0,48.42
57,5,0,0,54.88
57,6,0,0,48.51
57,7,0,0,50.16
57,8,0,0,52.35
57,9,0,0,51.97
57,10,0,0,46.36
57,11,0,0,51.76
57,12,0,0,51.92
57,13,0,1,50.55
57,14,0,1,48.55
57,15,0,1,53.94
57,16,0,1,49.15
57,17,0,1,53.1
57,18,0,1,54.38
57,19,0,1,51.41
57,20,0,1,50.09
57,21,0,1,50.54
57,22,0,1,51.61
57,23,0,1,49.98
57,24,0,1,53.21
58,1,0,0,47.75
58,2,0,0,44.67
58,3,0,0,47.24
58,4,0,0,44.91
58,5,0,0,46.14
58,6,0,0,46.32
58,7,0,0,51.2
58,8,0,0,50.96
58,9,0,0,48.79
58,10,0,0,42.82
58,11,0,0,46.71
58,12,0,0,47.91
58,13,0,1,49.73
58,14,0,1,43.39
58,15,0,1,48.5
58,16,0,1,45.67
58,17,0,1,50.34
58,18,0,1,50.35
58,19,0,1,50.47
58,20,0,1,51.89
58,21,0,1,49.46
58,22,0,1,48.78
58,23,0,1,48.64
58,24,0,1,52.18
59,1,0,0,50.98
59,2,0,0,54.97
59,3,0,0,51.4
59,4,0,0,55.05
59,5,0,0,51.35
59,6,0,0,55.12
59,7,0,0,56.12
59,8,0,0,53.05
59,9,0,0,54.05
59,10,0,0,54.12
59,11,0,0,53.05
59,12,0,0,54.02
59,13,0,1,56.11
59,14,0,1,56.92
59,15,0,1,52.27
59,16,0,1,60.06
59,17,0,1,55.59
59,18,0,1,54.88
59,19,0,1,58.18
59,20,0,1,59.47
59,21,0,1,53.37
59,22,0,1,55.59
59,23,0,1,58.99
59,24,0,1,61.55
60,1,0,0,54.27
60,2,0,0,54.53
60,3,0,0,56.93
60,4,0,0,55.92
60,5,0,0,52.72
60,6,0,0,54.62
60,7,0,0,55.97
60,8,0,0,57.86
60,9,0,0,53.47
60,10,0,0,55.11
60,11,0,0,56.72
60,12,0,0,51.5
60,13,0,1,51.31
60,14,0,1,57.59
60,15,0,1,53.53
60,16,0,1,53.86
60,17,0,1,54.74
60,18,0,1,59.04
60,19,0,1,55.63
60,20,0,1,56.46
60,21,0,1,59.18
60,22,0,1,58.65
60,23,0,1,59.41
60,24,0,1,60.06
61,1,0,0,54.73
61,2,0,0,54.62
61,3,0,0,59.48
61,4,0,0,53.16
61,5,0,0,49.69
61,6,0,0,54.32
61,7,0,0,57.9
61,8,0,0,55.05
61,9,0,0,58.24
61,10,0,0,57.04
61,11,0,0,49.96
61,12,0,0,53.18
61,13,0,1,54.3
61,14,0,1,53.87
61,15,0,1,54.15
61,16,0,1,57.11
61,17,0,1,57.07
61,18,0,1,56.49
61,19,0,1,57.79
61,20,0,1,58.69
61,21,0,1,56.45
61,22,0,1,56.21
61,23,0,1,61.14
61,24,0,1,58.14
62,1,0,0,55.92
62,2,0,0,54.56
62,3,0,0,54.33
62,4,0,0,57.18
62,5,0,0,56.83
62,6,0,0,55.42
62,7,0,0,55.98
62,8,0,0,54.6
62,9,0,0,54.84
62,10,0,0,51.44
62,11,0,0,54.36
62,12,0,0,57.71
62,13,0,1,55.52
62,14,0,1,55.16
62,15,0,1,56.19
62,16,0,1,53.69
62,17,0,1,54.89
62,18,0,1,57.14
62,19,0,1,60.84
62,20,0,1,58.16
62,21,0,1,57.11
62,22,0,1,56.53
62,23,0,1,53.55
62,24,0,1,55.13
63,1,0,0,47.35
63,2,0,0,48.53
63,3,0,0,47.35
63,4,0,0,48.24
63,5,0,0,45.83
63,6,0,0,52.82
63,7,0,0,48.02
63,8,0,0,48.39
63,9,0,0,49.37
63,10,0,0,46.83
63,11,0,0,50.1
63,12,0,0,52.89
63,13,0,1,54.36
63,14,0,1,50.2
63,15,0,1,53.3
63,16,0,1,48.52
63,17,0,1,53.5
63,18,0,1,51.99
63,19,0,1,52.64
63,20,0,1,52.94
63,21,0,1,50.17
63,22,0,1,50.43
63,23,0,1,50.22
63,24,0,1,51.04
64,1,0,0,49.4
64,2,0,0,49.89
64,3,0,0,46.06
64,4,0,0,53.2
64,5,0,0,49.53
64,6,0,0,47.69
64,7,0,0,48.14
64,8,0,0,46.03
64,9,0,0,50.86
64,10,0,0,51.78
64,11,0,0,51.7
64,12,0,0,50.16
64,13,0,1,54.05
64,14,0,1,52.69
64,15,0,1,52.92
64,16,0,1,47.74
64,17,0,1,52.77
64,18,0,1,50.08
64,19,0,1,51.35
64,20,0,1,50.49
64,21,0,1,53.7
64,22,0,1,49.94
64,23,0,1,49.29
64,24,0,1,54.9
65,1,0,0,50.83
65,2,0,0,49.71
65,3,0,0,56.09
65,4,0,0,52.63
65,5,0,0,52.32
65,6,0,0,56.13
65,7,0,0,55.99
65,8,0,0,55.8
65,9,0,0,52.36
65,10,0,0,55.03
65,11,0,0,53.54
65,12,0,0,54.03
65,13,0,1,54.32
65,14,0,1,54.34
65,15,0,1,54.26
65,16,0,1,55.51
65,17,0,1,54.78
65,18,0,1,57.18
65,19,0,1,53.96
65,20,0,1,56.43
65,21,0,1,56.18
65,22,0,1,59.49
65,23,0,1,57.33
65,24,0,1,56.86
66,1,0,0,50.07
66,2,0,0,50.54
66,3,0,0,49.48
66,4,0,0,52.46
66,5,0,0,50.9
66,6,0,0,50.02
66,7,0,0,54.06
66,8,0,0,55.15
66,9,0,0,54.0
66,10,0,0,51.58
66,11,0,0,55.42
66,12,0,0,52.84
66,13,0,1,52.91
66,14,0,1,54.15
66,15,0,1,52.41
66,16,0,1,54.26
66,17,0,1,52.14
66,18,0,1,53.58
66,19,0,1,54.33
66,20,0,1,52.46
66,21,0,1,52.25
66,22,0,1,53.92
66,23,0,1,56.75
66,24,0,1,55.65
67,1,0,0,50.48
67,2,0,0,49.54
67,3,0,0,49.84
67,4,0,0,49.47
67,5,0,0,46.31
67,6,0,0,49.19
67,7,0,0,49.97
67,8,0,0,51.57
67,9,0,0,52.57
67,10,0,0,53.18
67,11,0,0,53.8
67,12,0,0,54.82
67,13,0,1,50.68
67,14,0,1,51.8
67,15,0,1,53.25
67,16,0,1,50.19
67,17,0,1,52.72
67,18,0,1,52.65
67,19,0,1,53.44
67,20,0,1,53.07
67,21,0,1,54.18
67,22,0,1,52.29
67,23,0,1,53.61
67,24,0,1,57.04
68,1,0,0,53.97
68,2,0,0,49.78
68,3,0,0,52.71
68,4,0,0,53.63
68,5,0,0,54.78
68,6,0,0,54.51
68,7,0,0,57.18
68,8,0,0,58.92
68,9,0,0,53.81
68,10,0,0,50.77
68,11,0,0,55.31
68,12,0,0,56.09
68,13,0,1,54.55
68,14,0,1,54.14
68,15,0,1,57.22
68,16,0,1,57.0
68,17,0,1,55.08
68,18,0,1,57.31
68,19,0,1,53.3
68,20,0,1,57.73
68,21,0,1,57.65
68,22,0,1,61.65
68,23,0,1,55.21
68,24,0,1,56.55
69,1,0,0,47.91
69,2,0,0,53.46
69,3,0,0,50.2
69,4,0,0,49.31
69,5,0,0,52.41
69,6,0,0,46.47
69,7,0,0,51.32
69,8,0,0,47.31
69,9,0,0,52.83
69,10,0,0,55.68
69,11,0,0,54.42
69,12,0,0,50.26
69,13,0,1,52.13
69,14,0,1,53.31
69,15,0,1,53.33
69,16,0,1,55.1
69,17,0,1,54.12
69,18,0,1,55.52
69,19,0,1,53.17
69,20,0,1,53.04
69,21,0,1,54.28
69,22,0,1,56.06
69,23,0,1,52.1
69,24,0,1,56.88
70,1,0,0,44.77
70,2,0,0,49.46
70,3,0,0,49.99
70,4,0,0,50.14
70,5,0,0,50.73
70,6,0,0,48.99
70,7,0,0,51.9
70,8,0,0,50.59
70,9,0,0,49.29
70,10,0,0,50.2
70,11,0,0,51.13
70,12,0,0,52.69
70,13,0,1,52.82
70,14,0,1,52.28
70,15,0,1,52.46
70,16,0,1,51.58
70,17,0,1,53.8
70,18,0,1,51.14
70,19,0,1,50.15
70,20,0,1,54.33
70,21,0,1,55.75
70,22,0,1,54.71
70,23,0,1,56.11
70,24,0,1,53.47
71,1,0,0,46.83
71,2,0,0,48.88
71,3,0,0,52.11
71,4,0,0,49.34
71,5,0,0,49.56
71,6,0,0,48.1
71,7,0,0,47.79
71,8,0,0,51.19
71,9,0,0,53.66
71,10,0,0,51.09
71,11,0,0,48.52
71,12,0,0,51.84
71,13,0,1,50.11
71,14,0,1,51.93
71,15,0,1,54.56
71,16,0,1,51.31
71,17,0,1,51.81
71,18,0,1,52.93
71,19,0,1,50.27
71,20,0,1,51.17
71,21,0,1,54.81
71,22,0,1,55.88
71,23,0,1,52.93
71,24,0,1,51.07
72,1,0,0,49.11
72,2,0,0,50.9
72,3,0,0,48.51
72,4,0,0,53.77
72,5,0,0,48.84
72,6,0,0,52.32
72,7,0,0,49.31
72,8,0,0,55.39
72,9,0,0,48.36
72,10,0,0,49.69
72,11,0,0,52.67
72,12,0,0,51.86
72,13,0,1,48.12
72,14,0,1,48.7
72,15,0,1,53.14
72,16,0,1,52.49
72,17,0,1,52.38
72,18,0,1,50.29
72,19,0,1,53.05
72,20,0,1,50.52
72,21,0,1,50.61
72,22,0,1,52.11
72,23,0,1,54.26
72,24,0,1,57.25
73,1,0,0,49.91
73,2,0,0,53.67
73,3,0,0,52.43
73,4,0,0,51.48
73,5,0,0,53.82
73,6,0,0,53.96
73,7,0,0,56.86
73,8,0,0,56.05
73,9,0,0,54.66
73,10,0,0,53.25
73,11,0,0,56.77
73,12,0,0,56.94
73,13,0,1,55.31
73,14,0,1,51.47
73,15,0,1,58.52
73,16,0,1,54.87
73,17,0,1,56.77
73,18,0,1,57.62
73,19,0,1,57.11
73,20,0,1,57.8
73,21,0,1,56.82
73,22,0,1,58.24
73,23,0,1,55.78
73,24,0,1,60.85
74,1,0,0,49.15
74,2,0,0,48.58
74,3,0,0,44.56
74,4,0,0,46.99
74,5,0,0,47.52
74,6,0,0,49.35
74,7,0,0,51.32
74,8,0,0,50.72
74,9,0,0,47.86
74,10,0,0,49.34
74,11,0,0,46.33
74,12,0,0,51.3
74,13,0,1,52.9
74,14,0,1,51.01
74,15,0,1,52.72
74,16,0,1,52.06
74,17,0,1,48.21
74,18,0,1,48.34
74,19,0,1,52.81
74,20,0,1,52.94
74,21,0,1,56.86
74,22,0,1,50.63
74,23,0,1,53.39
74,24,0,1,52.57
75,1,0,0,58.62
75,2,0,0,56.2
75,3,0,0,54.81
75,4,0,0,58.04
75,5,0,0,59.35
75,6,0,0,58.59
75,7,0,0,57.02
75,8,0,0,56.94
75,9,0,0,57.42
75,10,0,0,56.88
75,11,0,0,56.83
75,12,0,0,59.1
75,13,0,1,61.72
75,14,0,1,60.43
75,15,0,1,59.11
75,16,0,1,60.21
75,17,0,1,58.61
75,18,0,1,62.2
75,19,0,1,60.61
75,20,0,1,56.2
75,21,0,1,58.0
75,22,0,1,60.23
75,23,0,1,58.65
75,24,0,1,60.96
76,1,0,0,48.22
76,2,0,0,48.28
76,3,0,0,50.69
76,4,0,0,53.54
76,5,0,0,51.87
76,6,0,0,51.34
76,7,0,0,52.25
76,8,0,0,52.35
76,9,0,0,50.13
76,10,0,0,54.92
76,11,0,0,50.46
76,12,0,0,49.14
76,13,0,1,53.8
76,14,0,1,53.3
76,15,0,1,56.56
76,16,0,1,50.46
76,17,0,1,48.8
76,18,0,1,51.87
76,19,0,1,51.92
76,20,0,1,52.39
76,21,0,1,55.21
76,22,0,1,53.6
76,23,0,1,57.25
76,24,0,1,55.19
77,1,0,0,51.01
77,2,0,0,50.12
77,3,0,0,51.98
77,4,0,0,46.16
77,5,0,0,50.8
77,6,0,0,50.44
77,7,0,0,51.38
77,8,0,0,53.1
77,9,0,0,54.62
77,10,0,0,51.17
77,11,0,0,50.97
77,12,0,0,52.84
77,13,0,1,55.55
77,14,0,1,53.62
77,15,0,1,52.53
77,16,0,1,55.27
77,17,0,1,51.97
77,18,0,1,52.71
77,19,0,1,55.56
77,20,0,1,51.06
77,21,0,1,48.6
77,22,0,1,53.6
77,23,0,1,52.56
77,24,0,1,54.75
78,1,0,0,61.75
78,2,0,0,57.82
78,3,0,0,58.11
78,4,0,0,57.92
78,5,0,0,61.55
78,6,0,0,56.58
78,7,0,0,61.48
78,8,0,0,59.55
78,9,0,0,63.32
78,10,0,0,58.47
78,11,0,0,60.61
78,12,0,0,62.34
78,13,0,1,62.06
78,14,0,1,60.16
78,15,0,1,61.69
78,16,0,1,59.55
78,17,0,1,65.72
78,18,0,1,63.57
78,19,0,1,63.4
78,20,0,1,62.7
78,21,0,1,56.65
78,22,0,1,64.64
78,23,0,1,63.78
78,24,0,1,66.55
79,1,0,0,48.33
79,2,0,0,48.32
79,3,0,0,49.14
79,4,0,0,47.15
79,5,0,0,52.91
79,6,0,0,47.39
79,7,0,0,48.99
79,8,0,0,53.88
79,9,0,0,49.85
79,10,0,0,47.41
79,11,0,0,47.38
79,12,0,0,48.93
79,13,0,1,49.51
79,14,0,1,48.45
79,15,0,1,49.73
79,16,0,1,50.84
79,17,0,1,51.81
79,18,0,1,50.63
79,19,0,1,53.75
79,20,0,1,52.08
79,21,0,1,50.25
79,22,0,1,53.96
79,23,0,1,53.4
79,24,0,1,52.71
80,1,0,0,48.68
80,2,0,0,50.33
80,3,0,0,51.89
80,4,0,0,47.79
80,5,0,0,47.41
80,6,0,0,47.94
80,7,0,0,49.16
80,8,0,0,49.18
80,9,0,0,52.86
80,10,0,0,53.69
80,11,0,0,51.32
80,12,0,0,52.63
80,13,0,1,50.18
80,14,0,1,50.46
80,15,0,1,53.13
80,16,0,1,50.69
80,17,0,1,51.6
80,18,0,1,53.45
80,19,0,1,51.33
80,20,0,1,53.13
80,21,0,1,52.41
80,22,0,1,56.49
80,23,0,1,50.06
80,24,0,1,54.01
81,1,0,0,49.4
81,2,0,0,54.15
81,3,0,0,50.6
81,4,0,0,51.4
81,5,0,0,53.24
81,6,0,0,51.21
81,7,0,0,51.5
81,8,0,0,52.14
81,9,0,0,52.74
81,10,0,0,48.75
81,11,0,0,54.22
81,12,0,0,53.79
81,13,0,1,52.76
81,14,0,1,51.36
81,15,0,1,52.54
81,16,0,1,53.18
81,17,0,1,54.57
81,18,0,1,53.6
81,19,0,1,52.14
81,20,0,1,52.89
81,21,0,1,54.31
81,22,0,1,53.64
81,23,0,1,57.51
81,24,0,1,56.69
82,1,0,0,49.61
82,2,0,0,51.21
82,3,0,0,49.55
82,4,0,0,48.11
82,5,0,0,51.44
82,6,0,0,48.75
82,7,0,0,50.64
82,8,0,0,50.54
82,9,0,0,53.58
82,10,0,0,50.48
82,11,0,0,55.93
82,12,0,0,53.94
82,13,0,1,54.66
82,14,0,1,53.47
82,15,0,1,53.3
82,16,0,1,55.79
82,17,0,1,54.62
82,18,0,1,55.56
82,19,0,1,53.03
82,20,0,1,56.83
82,21,0,1,57.49
82,22,0,1,57.65
82,23,0,1,55.85
82,24,0,1,53.48
83,1,0,0,47.56
83,2,0,0,46.13
83,3,0,0,46.84
83,4,0,0,46.34
83,5,0,0,46.62
83,6,0,0,46.42
83,7,0,0,45.58
83,8,0,0,47.12
83,9,0,0,50.33
83,10,0,0,48.47
83,11,0,0,50.35
83,12,0,0,47.16
83,13,0,1,49.51
83,14,0,1,47.18
83,15,0,1,49.7
83,16,0,1,47.11
83,17,0,1,49.52
83,18,0,1,43.13
83,19,0,1,48.91
83,20,0,1,48.59
83,21,0,1,49.83
83,22,0,1,48.86
83,23,0,1,51.86
83,24,0,1,45.87
84,1,0,0,51.76
84,2,0,0,50.2
84,3,0,0,49.29
84,4,0,0,49.12
84,5,0,0,48.28
84,6,0,0,46.42
84,7,0,0,53.02
84,8,0,0,51.93
84,9,0,0,53.82
84,10,0,0,54.23
84,11,0,0,51.34
84,12,0,0,52.04
84,13,0,1,52.45
84,14,0,1,49.18
84,15,0,1,54.36
84,16,0,1,48.91
84,17,0,1,50.44
84,18,0,1,51.57
84,19,0,1,53.68
84,20,0,1,51.39
84,21,0,1,54.73
84,22,0,1,56.63
84,23,0,1,53.32
84,24,0,1,54.91
85,1,0,0,45.05
85,2,0,0,47.95
85,3,0,0,48.55
85,4,0,0,50.42
85,5,0,0,47.55
85,6,0,0,43.93
85,7,0,0,46.28
85,8,0,0,45.71
85,9,0,0,48.76
85,10,0,0,48.65
85,11,0,0,52.22
85,12,0,0,49.77
85,13,0,1,47.15
85,14,0,1,51.13
85,15,0,1,49.04
85,16,0,1,47.71
85,17,0,1,50.43
85,18,0,1,47.11
85,19,0,1,52.55
85,20,0,1,45.08
85,21,0,1,52.59
85,22,0,1,50.45
85,23,0,1,51.17
85,24,0,1,52.36
86,1,0,0,44.08
86,2,0,0,45.57
86,3,0,0,44.99
86,4,0,0,43.46
86,5,0,0,45.57
86,6,0,0,46.87
86,7,0,0,47.29
86,8,0,0,48.4
86,9,0,0,46.44
86,10,0,0,48.06
86,11,0,0,46.64
86,12,0,0,49.16
86,13,0,1,48.96
86,14,0,1,46.42
86,15,0,1,46.39
86,16,0,1,49.42
86,17,0,1,49.52
86,18,0,1,48.74
86,19,0,1,50.39
86,20,0,1,47.96
86,21,0,1,47.68
86,22,0,1,48.51
86,23,0,1,51.5
86,24,0,1,47.41
87,1,0,0,41.85
87,2,0,0,40.78
87,3,0,0,39.67
87,4,0,0,45.68
87,5,0,0,46.39
87,6,0,0,43.24
87,7,0,0,45.93
87,8,0,0,45.74
87,9,0,0,43.32
87,10,0,0,40.87
87,11,0,0,42.84
87,12,0,0,46.02
87,13,0,1,47.79
87,14,0,1,48.25
87,15,0,1,48.88
87,16,0,1,47.71
87,17,0,1,48.2
87,18,0,1,47.75
87,19,0,1,46.63
87,20,0,1,47.63
87,21,0,1,47.28
87,22,0,1,50.62
87,23,0,1,50.34
87,24,0,1,50.46
88,1,0,0,52.85
88,2,0,0,54.02
88,3,0,0,55.19
88,4,0,0,56.25
88,5,0,0,54.51
88,6,0,0,53.56
88,7,0,0,51.49
88,8,0,0,57.05
88,9,0,0,59.45
88,10,0,0,54.17
88,11,0,0,57.46
88,12,0,0,59.23
88,13,0,1,58.49
88,14,0,1,58.42
88,15,0,1,55.61
88,16,0,1,58.46
88,17,0,1,61.4
88,18,0,1,52.75
88,19,0,1,55.45
88,20,0,1,60.84
88,21,0,1,58.98
88,22,0,1,62.15
88,23,0,1,59.27
88,24,0,1,55.42
89,1,0,0,51.97
89,2,0,0,48.35
89,3,0,0,50.66
89,4,0,0,53.54
89,5,0,0,52.1
89,6,0,0,50.4
89,7,0,0,53.23
89,8,0,0,49.79
89,9,0,0,53.24
89,10,0,0,53.99
89,11,0,0,55.41
89,12,0,0,54.57
89,13,0,1,55.0
89,14,0,1,52.86
89,15,0,1,55.34
89,16,0,1,55.73
89,17,0,1,56.88
89,18,0,1,53.49
89,19,0,1,53.13
89,20,0,1,55.12
89,21,0,1,55.75
89,22,0,1,54.59
89,23,0,1,54.37
89,24,0,1,57.39
90,1,0,0,48.71
90,2,0,0,51.31
90,3,0,0,49.08
90,4,0,0,51.01
90,5,0,0,55.67
90,6,0,0,51.19
90,7,0,0,51.29
90,8,0,0,49.08
90,9,0,0,53.13
90,10,0,0,50.16
90,11,0,0,54.03
90,12,0,0,52.28
90,13,0,1,53.44
90,14,0,1,52.36
90,15,0,1,51.76
90,16,0,1,49.76
90,17,0,1,54.1
90,18,0,1,51.84
90,19,0,1,55.24
90,20,0,1,53.87
90,21,0,1,54.07
90,22,0,1,54.88
90,23,0,1,58.96
90,24,0,1,53.83
91,1,0,0,47.68
91,2,0,0,51.17
91,3,0,0,51.07
91,4,0,0,46.2
91,5,0,0,54.82
91,6,0,0,48.57
91,7,0,0,49.85
91,8,0,0,53.59
91,9,0,0,53.43
91,10,0,0,52.47
91,11,0,0,51.94
91,12,0,0,49.82
91,13,0,1,51.56
91,14,0,1,49.64
91,15,0,1,52.79
91,16,0,1,52.69
91,17,0,1,54.55
91,18,0,1,55.55
91,19,0,1,54.59
91,20,0,1,54.42
91,21,0,1,57.64
91,22,0,1,55.39
91,23,0,1,54.83
91,24,0,1,56.3
92,1,0,0,48.81
92,2,0,0,51.21
92,3,0,0,48.02
92,4,0,0,51.61
92,5,0,0,53.16
92,6,0,0,51.52
92,7,0,0,50.09
92,8,0,0,48.32
92,9,0,0,55.09
92,10,0,0,48.51
92,11,0,0,53.35
92,12,0,0,53.91
92,13,0,1,53.77
92,14,0,1,53.56
92,15,0,1,50.7
92,16,0,1,55.19
92,17,0,1,56.3
92,18,0,1,53.63
92,19,0,1,53.86
92,20,0,1,54.27
92,21,0,1,57.38
92,22,0,1,52.47
92,23,0,1,54.52
92,24,0,1,52.91
93,1,0,0,52.99
93,2,0,0,53.46
93,3,0,0,50.86
93,4,0,0,48.56
93,5,0,0,49.69
93,6,0,0,48.6
93,7,0,0,53.04
93,8,0,0,49.6
93,9,0,0,49.66
93,10,0,0,51.35
93,11,0,0,54.31
93,12,0,0,52.5
93,13,0,1,49.31
93,14,0,1,55.45
93,15,0,1,49.27
93,16,0,1,53.61
93,17,0,1,54.75
93,18,0,1,54.85
93,19,0,1,52.35
93,20,0,1,52.45
93,21,0,1,55.65
93,22,0,1,52.57
93,23,0,1,57.4
93,24,0,1,54.67
94,1,0,0,50.06
94,2,0,0,55.56
94,3,0,0,54.31
94,4,0,0,52.95
94,5,0,0,54.56
94,6,0,0,53.57
94,7,0,0,54.9
94,8,0,0,58.26
94,9,0,0,51.51
94,10,0,0,55.67
94,11,0,0,59.39
94,12,0,0,55.57
94,13,0,1,56.39
94,14,0,1,59.06
94,15,0,1,58.21
94,16,0,1,57.53
94,17,0,1,57.24
94,18,0,1,56.8
94,19,0,1,59.13
94,20,0,1,58.05
94,21,0,1,58.59
94,22,0,1,57.66
94,23,0,1,56.58
94,24,0,1,58.57
95,1,0,0,52.14
95,2,0,0,51.95
95,3,0,0,48.2
95,4,0,0,52.5
95,5,0,0,49.9
95,6,0,0,55.26
95,7,0,0,49.94
95,8,0,0,53.33
95,9,0,0,50.86
95,10,0,0,52.69
95,11,0,0,53.48
95,12,0,0,52.72
95,13,0,1,53.31
95,14,0,1,52.74
95,15,0,1,57.37
95,16,0,1,57.33
95,17,0,1,52.52
95,18,0,1,53.62
95,19,0,1,53.34
95,20,0,1,53.29
95,21,0,1,57.21
95,22,0,1,55.08
95,23,0,1,54.97
95,24,0,1,55.03
96,1,0,0,52.42
96,2,0,0,49.63
96,3,0,0,49.13
96,4,0,0,48.6
96,5,0,0,49.14
96,6,0,0,51.64
96,7,0,0,50.65
96,8,0,0,52.65
96,9,0,0,50.45
96,10,0,0,51.83
96,11,0,0,53.96
96,12,0,0,50.09
96,13,0,1,53.36
96,14,0,1,51.88
96,15,0,1,55.52
96,16,0,1,54.16
96,17,0,1,49.01
96,18,0,1,54.95
96,19,0,1,54.41
96,20,0,1,57.31
96,21,0,1,54.89
96,22,0,1,54.49
96,23,0,1,57.46
96,24,0,1,54.11
97,1,0,0,49.78
97,2,0,0,49.48
97,3,0,0,49.28
97,4,0,0,50.54
97,5,0,0,50.25
97,6,0,0,50.81
97,7,0,0,51.85
97,8,0,0,54.55
97,9,0,0,50.26
97,10,0,0,50.41
97,11,0,0,48.68
97,12,0,0,53.97
97,13,0,1,52.98
97,14,0,1,50.71
97,15,0,1,54.6
97,16,0,1,48.77
97,17,0,1,51.17
97,18,0,1,52.18
97,19,0,1,55.96
97,20,0,1,55.36
97,21,0,1,52.5
97,22,0,1,53.7
97,23,0,1,53.05
97,24,0,1,55.6
98,1,0,0,53.36
98,2,0,0,53.66
98,3,0,0,51.11
98,4,0,0,54.71
98,5,0,0,54.7
98,6,0,0,52.03
98,7,0,0,52.66
98,8,0,0,55.27
98,9,0,0,56.2
98,10,0,0,56.64
98,11,0,0,58.09
98,12,0,0,54.96
98,13,0,1,53.52
98,14,0,1,54.84
98,15,0,1,57.98
98,16,0,1,55.79
98,17,0,1,60.81
98,18,0,1,54.91
98,19,0,1,57.78
98,20,0,1,56.73
98,21,0,1,60.3
98,22,0,1,54.31
98,23,0,1,59.39
98,24,0,1,59.98
99,1,0,0,46.08
99,2,0,0,48.95
99,3,0,0,47.86
99,4,0,0,48.34
99,5,0,0,47.65
99,6,0,0,48.04
99,7,0,0,49.56
99,8,0,0,50.04
99,9,0,0,49.83
99,10,0,0,50.73
99,11,0,0,48.02
99,12,0,0,48.65
99,13,0,1,52.11
99,14,0,1,51.1
99,15,0,1,45.29
99,16,0,1,47.89
99,17,0,1,47.79
99,18,0,1,52.03
99,19,0,1,49.78
99,20,0,1,51.75
99,21,0,1,51.23
99,22,0,1,50.63
99,23,0,1,52.63
99,24,0,1,50.48
100,1,0,0,55.15
100,2,0,0,54.27
100,3,0,0,54.21
100,4,0,0,56.33
100,5,0,0,51.8
100,6,0,0,54.86
100,7,0,0,50.15
100,8,0,0,57.22
100,9,0,0,55.44
100,10,0,0,56.7
100,11,0,0,55.27
100,12,0,0,57.49
100,13,0,1,56.27
100,14,0,1,57.11
100,15,0,1,57.65
100,16,0,1,55.8
100,17,0,1,53.12
100,18,0,1,56.45
100,19,0,1,54.22
100,20,0,1,57.05
100,21,0,1,61.43
100,22,0,1,56.75
100,23,0,1,55.99
100,24,0,1,58.35
